bomb,explosion_time_s,time_s,worst_distance_m,threshold_m
1,3.614000000,3.614000000,16.124366078,10.000000000
1,3.614000000,3.620893348,16.097140528,10.000000000
1,3.614000000,3.627786695,16.069917431,10.000000000
1,3.614000000,3.634680043,16.042696815,10.000000000
1,3.614000000,3.641573391,16.015478707,10.000000000
1,3.614000000,3.648466738,15.988263137,10.000000000
1,3.614000000,3.655360086,15.961050134,10.000000000
1,3.614000000,3.662253434,15.933839727,10.000000000
1,3.614000000,3.669146781,15.906631945,10.000000000
1,3.614000000,3.676040129,15.879426819,10.000000000
1,3.614000000,3.682933477,15.852224376,10.000000000
1,3.614000000,3.689826824,15.825024649,10.000000000
1,3.614000000,3.696720172,15.797827666,10.000000000
1,3.614000000,3.703613520,15.770633459,10.000000000
1,3.614000000,3.710506868,15.743442058,10.000000000
1,3.614000000,3.717400215,15.716253494,10.000000000
1,3.614000000,3.724293563,15.689067797,10.000000000
1,3.614000000,3.731186911,15.661885001,10.000000000
1,3.614000000,3.738080258,15.634705135,10.000000000
1,3.614000000,3.744973606,15.607528232,10.000000000
1,3.614000000,3.751866954,15.580354505,10.000000000
1,3.614000000,3.758760301,15.553183810,10.000000000
1,3.614000000,3.765653649,15.526016174,10.000000000
1,3.614000000,3.772546997,15.498851630,10.000000000
1,3.614000000,3.779440344,15.471690212,10.000000000
1,3.614000000,3.786333692,15.444531953,10.000000000
1,3.614000000,3.793227040,15.417376885,10.000000000
1,3.614000000,3.800120387,15.390225044,10.000000000
1,3.614000000,3.807013735,15.363076462,10.000000000
1,3.614000000,3.813907083,15.335931174,10.000000000
1,3.614000000,3.820800430,15.308789214,10.000000000
1,3.614000000,3.827693778,15.281650618,10.000000000
1,3.614000000,3.834587126,15.254515419,10.000000000
1,3.614000000,3.841480473,15.227383654,10.000000000
1,3.614000000,3.848373821,15.200255358,10.000000000
1,3.614000000,3.855267169,15.173130566,10.000000000
1,3.614000000,3.862160516,15.146009315,10.000000000
1,3.614000000,3.869053864,15.118891640,10.000000000
1,3.614000000,3.875947212,15.091777579,10.000000000
1,3.614000000,3.882840559,15.064667168,10.000000000
1,3.614000000,3.889733907,15.037560444,10.000000000
1,3.614000000,3.896627255,15.010457445,10.000000000
1,3.614000000,3.903520603,14.983358208,10.000000000
1,3.614000000,3.910413950,14.956262771,10.000000000
1,3.614000000,3.917307298,14.929171173,10.000000000
1,3.614000000,3.924200646,14.902083451,10.000000000
1,3.614000000,3.931093993,14.874999645,10.000000000
1,3.614000000,3.937987341,14.847919794,10.000000000
1,3.614000000,3.944880689,14.820843938,10.000000000
1,3.614000000,3.951774036,14.793772115,10.000000000
1,3.614000000,3.958667384,14.766704365,10.000000000
1,3.614000000,3.965560732,14.739640730,10.000000000
1,3.614000000,3.972454079,14.712581250,10.000000000
1,3.614000000,3.979347427,14.685525965,10.000000000
1,3.614000000,3.986240775,14.658474917,10.000000000
1,3.614000000,3.993134122,14.631428147,10.000000000
1,3.614000000,4.000027470,14.604385697,10.000000000
1,3.614000000,4.006920818,14.577347609,10.000000000
1,3.614000000,4.013814165,14.550313927,10.000000000
1,3.614000000,4.020707513,14.523284691,10.000000000
1,3.614000000,4.027600861,14.496259947,10.000000000
1,3.614000000,4.034494208,14.469239736,10.000000000
1,3.614000000,4.041387556,14.442224103,10.000000000
1,3.614000000,4.048280904,14.415213092,10.000000000
1,3.614000000,4.055174251,14.388206748,10.000000000
1,3.614000000,4.062067599,14.361205115,10.000000000
1,3.614000000,4.068960947,14.334208238,10.000000000
1,3.614000000,4.075854295,14.307216163,10.000000000
1,3.614000000,4.082747642,14.280228936,10.000000000
1,3.614000000,4.089640990,14.253246602,10.000000000
1,3.614000000,4.096534338,14.226269210,10.000000000
1,3.614000000,4.103427685,14.199296921,10.000000000
1,3.614000000,4.110321033,14.172329756,10.000000000
1,3.614000000,4.117214381,14.145367673,10.000000000
1,3.614000000,4.124107728,14.118410721,10.000000000
1,3.614000000,4.131001076,14.091458948,10.000000000
1,3.614000000,4.137894424,14.064512403,10.000000000
1,3.614000000,4.144787771,14.037571134,10.000000000
1,3.614000000,4.151681119,14.010635193,10.000000000
1,3.614000000,4.158574467,13.983704627,10.000000000
1,3.614000000,4.165467814,13.956779489,10.000000000
1,3.614000000,4.172361162,13.929859828,10.000000000
1,3.614000000,4.179254510,13.902945695,10.000000000
1,3.614000000,4.186147857,13.876037143,10.000000000
1,3.614000000,4.193041205,13.849134223,10.000000000
1,3.614000000,4.199934553,13.822236987,10.000000000
1,3.614000000,4.206827900,13.795345488,10.000000000
1,3.614000000,4.213721248,13.768459780,10.000000000
1,3.614000000,4.220614596,13.741579915,10.000000000
1,3.614000000,4.227507943,13.714705949,10.000000000
1,3.614000000,4.234401291,13.687837935,10.000000000
1,3.614000000,4.241294639,13.660975928,10.000000000
1,3.614000000,4.248187986,13.634119984,10.000000000
1,3.614000000,4.255081334,13.607270158,10.000000000
1,3.614000000,4.261974682,13.580426507,10.000000000
1,3.614000000,4.268868030,13.553589087,10.000000000
1,3.614000000,4.275761377,13.526757956,10.000000000
1,3.614000000,4.282654725,13.499933170,10.000000000
1,3.614000000,4.289548073,13.473114788,10.000000000
1,3.614000000,4.296441420,13.446302870,10.000000000
1,3.614000000,4.303334768,13.419497472,10.000000000
1,3.614000000,4.310228116,13.392698655,10.000000000
1,3.614000000,4.317121463,13.365906480,10.000000000
1,3.614000000,4.324014811,13.339121006,10.000000000
1,3.614000000,4.330908159,13.312342293,10.000000000
1,3.614000000,4.337801506,13.285570405,10.000000000
1,3.614000000,4.344694854,13.258805402,10.000000000
1,3.614000000,4.351588202,13.232047347,10.000000000
1,3.614000000,4.358481549,13.205296303,10.000000000
1,3.614000000,4.365374897,13.178552333,10.000000000
1,3.614000000,4.372268245,13.151815502,10.000000000
1,3.614000000,4.379161592,13.125085873,10.000000000
1,3.614000000,4.386054940,13.098363512,10.000000000
1,3.614000000,4.392948288,13.071648484,10.000000000
1,3.614000000,4.399841635,13.044940856,10.000000000
1,3.614000000,4.406734983,13.018240723,10.000000000
1,3.614000000,4.413628331,12.991548321,10.000000000
1,3.614000000,4.420521678,12.964863519,10.000000000
1,3.614000000,4.427415026,12.938186387,10.000000000
1,3.614000000,4.434308374,12.911516993,10.000000000
1,3.614000000,4.441201722,12.884855407,10.000000000
1,3.614000000,4.448095069,12.858201699,10.000000000
1,3.614000000,4.454988417,12.831555939,10.000000000
1,3.614000000,4.461881765,12.804918198,10.000000000
1,3.614000000,4.468775112,12.778288549,10.000000000
1,3.614000000,4.475668460,12.751667063,10.000000000
1,3.614000000,4.482561808,12.725053814,10.000000000
1,3.614000000,4.489455155,12.698448875,10.000000000
1,3.614000000,4.496348503,12.671852320,10.000000000
1,3.614000000,4.503241851,12.645264225,10.000000000
1,3.614000000,4.510135198,12.618684664,10.000000000
1,3.614000000,4.517028546,12.592113713,10.000000000
1,3.614000000,4.523921894,12.565551450,10.000000000
1,3.614000000,4.530815241,12.538997952,10.000000000
1,3.614000000,4.537708589,12.512453297,10.000000000
1,3.614000000,4.544601937,12.485917563,10.000000000
1,3.614000000,4.551495284,12.459390829,10.000000000
1,3.614000000,4.558388632,12.432873177,10.000000000
1,3.614000000,4.565281980,12.406364686,10.000000000
1,3.614000000,4.572175327,12.379865438,10.000000000
1,3.614000000,4.579068675,12.353375515,10.000000000
1,3.614000000,4.585962023,12.326894999,10.000000000
1,3.614000000,4.592855370,12.300423975,10.000000000
1,3.614000000,4.599748718,12.273962526,10.000000000
1,3.614000000,4.606642066,12.247510737,10.000000000
1,3.614000000,4.613535413,12.221068695,10.000000000
1,3.614000000,4.620428761,12.194636485,10.000000000
1,3.614000000,4.627322109,12.168214194,10.000000000
1,3.614000000,4.634215457,12.141801910,10.000000000
1,3.614000000,4.641108804,12.115399723,10.000000000
1,3.614000000,4.648002152,12.089007720,10.000000000
1,3.614000000,4.654895500,12.062625994,10.000000000
1,3.614000000,4.661788847,12.036254634,10.000000000
1,3.614000000,4.668682195,12.009893732,10.000000000
1,3.614000000,4.675575543,11.983543493,10.000000000
1,3.614000000,4.682468890,11.957204035,10.000000000
1,3.614000000,4.689362238,11.930875315,10.000000000
1,3.614000000,4.696255586,11.904557428,10.000000000
1,3.614000000,4.703148933,11.878250471,10.000000000
1,3.614000000,4.710042281,11.851954540,10.000000000
1,3.614000000,4.716935629,11.825669733,10.000000000
1,3.614000000,4.723828976,11.799396147,10.000000000
1,3.614000000,4.730722324,11.773133882,10.000000000
1,3.614000000,4.737615672,11.746883038,10.000000000
1,3.614000000,4.744509019,11.720643716,10.000000000
1,3.614000000,4.751402367,11.694416018,10.000000000
1,3.614000000,4.758295715,11.668200046,10.000000000
1,3.614000000,4.765189062,11.641995905,10.000000000
1,3.614000000,4.772082410,11.615803698,10.000000000
1,3.614000000,4.778975758,11.589623531,10.000000000
1,3.614000000,4.785869105,11.563455511,10.000000000
1,3.614000000,4.792762453,11.537299745,10.000000000
1,3.614000000,4.799655801,11.511156341,10.000000000
1,3.614000000,4.806549149,11.485025409,10.000000000
1,3.614000000,4.813442496,11.458907058,10.000000000
1,3.614000000,4.820335844,11.432801401,10.000000000
1,3.614000000,4.827229192,11.406708549,10.000000000
1,3.614000000,4.834122539,11.380628615,10.000000000
1,3.614000000,4.841015887,11.354561714,10.000000000
1,3.614000000,4.847909235,11.328507961,10.000000000
1,3.614000000,4.854802582,11.302467472,10.000000000
1,3.614000000,4.861695930,11.276440365,10.000000000
1,3.614000000,4.868589278,11.250426757,10.000000000
1,3.614000000,4.875482625,11.224426769,10.000000000
1,3.614000000,4.882375973,11.198440522,10.000000000
1,3.614000000,4.889269321,11.172468135,10.000000000
1,3.614000000,4.896162668,11.146509734,10.000000000
1,3.614000000,4.903056016,11.120565440,10.000000000
1,3.614000000,4.909949364,11.094635531,10.000000000
1,3.614000000,4.916842711,11.068720102,10.000000000
1,3.614000000,4.923736059,11.042819160,10.000000000
1,3.614000000,4.930629407,11.016932833,10.000000000
1,3.614000000,4.937522754,10.991061251,10.000000000
1,3.614000000,4.944416102,10.965204545,10.000000000
1,3.614000000,4.951309450,10.939362846,10.000000000
1,3.614000000,4.958202797,10.913536288,10.000000000
1,3.614000000,4.965096145,10.887725006,10.000000000
1,3.614000000,4.971989493,10.861929134,10.000000000
1,3.614000000,4.978882840,10.836148809,10.000000000
1,3.614000000,4.985776188,10.810384171,10.000000000
1,3.614000000,4.992669536,10.784635357,10.000000000
1,3.614000000,4.999562884,10.758902509,10.000000000
1,3.614000000,5.006456231,10.733185769,10.000000000
1,3.614000000,5.013349579,10.707485279,10.000000000
1,3.614000000,5.020242927,10.681801185,10.000000000
1,3.614000000,5.027136274,10.656133633,10.000000000
1,3.614000000,5.034029622,10.630482769,10.000000000
1,3.614000000,5.040922970,10.604848743,10.000000000
1,3.614000000,5.047816317,10.579231704,10.000000000
1,3.614000000,5.054709665,10.553631804,10.000000000
1,3.614000000,5.061603013,10.528049196,10.000000000
1,3.614000000,5.068496360,10.502484033,10.000000000
1,3.614000000,5.075389708,10.476936472,10.000000000
1,3.614000000,5.082283056,10.451406670,10.000000000
1,3.614000000,5.089176403,10.425894785,10.000000000
1,3.614000000,5.096069751,10.400400978,10.000000000
1,3.614000000,5.102963099,10.374925409,10.000000000
1,3.614000000,5.109856446,10.349468243,10.000000000
1,3.614000000,5.116749794,10.324029839,10.000000000
1,3.614000000,5.123643142,10.298610268,10.000000000
1,3.614000000,5.130536489,10.273209599,10.000000000
1,3.614000000,5.137429837,10.247828000,10.000000000
1,3.614000000,5.144323185,10.222465642,10.000000000
1,3.614000000,5.151216532,10.197122699,10.000000000
1,3.614000000,5.158109880,10.171799343,10.000000000
1,3.614000000,5.165003228,10.146495751,10.000000000
1,3.614000000,5.171896575,10.121212101,10.000000000
1,3.614000000,5.178789923,10.095948571,10.000000000
1,3.614000000,5.185683271,10.070705343,10.000000000
1,3.614000000,5.192576619,10.045482598,10.000000000
1,3.614000000,5.199469966,10.020280521,10.000000000
1,3.614000000,5.206363314,9.995099299,10.000000000
1,3.614000000,5.213256662,9.969939119,10.000000000
1,3.614000000,5.220150009,9.944800170,10.000000000
1,3.614000000,5.227043357,9.919682645,10.000000000
1,3.614000000,5.233936705,9.894586736,10.000000000
1,3.614000000,5.240830052,9.869512638,10.000000000
1,3.614000000,5.247723400,9.844460548,10.000000000
1,3.614000000,5.254616748,9.819430666,10.000000000
1,3.614000000,5.261510095,9.794423191,10.000000000
1,3.614000000,5.268403443,9.769438327,10.000000000
1,3.614000000,5.275296791,9.744476278,10.000000000
1,3.614000000,5.282190138,9.719537251,10.000000000
1,3.614000000,5.289083486,9.694621454,10.000000000
1,3.614000000,5.295976834,9.669729139,10.000000000
1,3.614000000,5.302870181,9.644860756,10.000000000
1,3.614000000,5.309763529,9.620016243,10.000000000
1,3.614000000,5.316656877,9.595195814,10.000000000
1,3.614000000,5.323550224,9.570399690,10.000000000
1,3.614000000,5.330443572,9.545628090,10.000000000
1,3.614000000,5.337336920,9.520881239,10.000000000
1,3.614000000,5.344230267,9.496159360,10.000000000
1,3.614000000,5.351123615,9.471462682,10.000000000
1,3.614000000,5.358016963,9.446791434,10.000000000
1,3.614000000,5.364910311,9.422145847,10.000000000
1,3.614000000,5.371803658,9.397526156,10.000000000
1,3.614000000,5.378697006,9.372932597,10.000000000
1,3.614000000,5.385590354,9.348365409,10.000000000
1,3.614000000,5.392483701,9.323824832,10.000000000
1,3.614000000,5.399377049,9.299311110,10.000000000
1,3.614000000,5.406270397,9.274824488,10.000000000
1,3.614000000,5.413163744,9.250365214,10.000000000
1,3.614000000,5.420057092,9.225933539,10.000000000
1,3.614000000,5.426950440,9.201529715,10.000000000
1,3.614000000,5.433843787,9.177153998,10.000000000
1,3.614000000,5.440737135,9.152806646,10.000000000
1,3.614000000,5.447630483,9.128487918,10.000000000
1,3.614000000,5.454523830,9.104198078,10.000000000
1,3.614000000,5.461417178,9.079937545,10.000000000
1,3.614000000,5.468310526,9.055706625,10.000000000
1,3.614000000,5.475203873,9.031505396,10.000000000
1,3.614000000,5.482097221,9.007334133,10.000000000
1,3.614000000,5.488990569,8.983193111,10.000000000
1,3.614000000,5.495883916,8.959082609,10.000000000
1,3.614000000,5.502777264,8.935002908,10.000000000
1,3.614000000,5.509670612,8.910954291,10.000000000
1,3.614000000,5.516563959,8.886937046,10.000000000
1,3.614000000,5.523457307,8.862951463,10.000000000
1,3.614000000,5.530350655,8.838997834,10.000000000
1,3.614000000,5.537244002,8.815076453,10.000000000
1,3.614000000,5.544137350,8.791187620,10.000000000
1,3.614000000,5.551030698,8.767331635,10.000000000
1,3.614000000,5.557924046,8.743508803,10.000000000
1,3.614000000,5.564817393,8.719719430,10.000000000
1,3.614000000,5.571710741,8.695963826,10.000000000
1,3.614000000,5.578604089,8.672242305,10.000000000
1,3.614000000,5.585497436,8.648555182,10.000000000
1,3.614000000,5.592390784,8.624902777,10.000000000
1,3.614000000,5.599284132,8.601285412,10.000000000
1,3.614000000,5.606177479,8.577703487,10.000000000
1,3.614000000,5.613070827,8.554157553,10.000000000
1,3.614000000,5.619964175,8.530647646,10.000000000
1,3.614000000,5.626857522,8.507174100,10.000000000
1,3.614000000,5.633750870,8.483737254,10.000000000
1,3.614000000,5.640644218,8.460337450,10.000000000
1,3.614000000,5.647537565,8.436975032,10.000000000
1,3.614000000,5.654430913,8.413650349,10.000000000
1,3.614000000,5.661324261,8.390363752,10.000000000
1,3.614000000,5.668217608,8.367115597,10.000000000
1,3.614000000,5.675110956,8.343906243,10.000000000
1,3.614000000,5.682004304,8.320736050,10.000000000
1,3.614000000,5.688897651,8.297605386,10.000000000
1,3.614000000,5.695790999,8.274514619,10.000000000
1,3.614000000,5.702684347,8.251464121,10.000000000
1,3.614000000,5.709577694,8.228454270,10.000000000
1,3.614000000,5.716471042,8.205485445,10.000000000
1,3.614000000,5.723364390,8.182558030,10.000000000
1,3.614000000,5.730257738,8.159672412,10.000000000
1,3.614000000,5.737151085,8.136829001,10.000000000
1,3.614000000,5.744044433,8.114028553,10.000000000
1,3.614000000,5.750937781,8.091271086,10.000000000
1,3.614000000,5.757831128,8.069115854,10.000000000
1,3.614000000,5.764724476,8.047780819,10.000000000
1,3.614000000,5.771617824,8.026491996,10.000000000
1,3.614000000,5.778511171,8.005249790,10.000000000
1,3.614000000,5.785404519,7.984054611,10.000000000
1,3.614000000,5.792297867,7.962906873,10.000000000
1,3.614000000,5.799191214,7.941807208,10.000000000
1,3.614000000,5.806084562,7.920756022,10.000000000
1,3.614000000,5.812977910,7.899753538,10.000000000
1,3.614000000,5.819871257,7.878800185,10.000000000
1,3.614000000,5.826764605,7.857896394,10.000000000
1,3.614000000,5.833657953,7.837042599,10.000000000
1,3.614000000,5.840551300,7.816239241,10.000000000
1,3.614000000,5.847444648,7.795486761,10.000000000
1,3.614000000,5.854337996,7.774785605,10.000000000
1,3.614000000,5.861231343,7.754136225,10.000000000
1,3.614000000,5.868124691,7.733539073,10.000000000
1,3.614000000,5.875018039,7.712994607,10.000000000
1,3.614000000,5.881911386,7.692503290,10.000000000
1,3.614000000,5.888804734,7.672065586,10.000000000
1,3.614000000,5.895698082,7.651681965,10.000000000
1,3.614000000,5.902591429,7.631352900,10.000000000
1,3.614000000,5.909484777,7.611078950,10.000000000
1,3.614000000,5.916378125,7.590860872,10.000000000
1,3.614000000,5.923271473,7.570698795,10.000000000
1,3.614000000,5.930164820,7.550593205,10.000000000
1,3.614000000,5.937058168,7.530544598,10.000000000
1,3.614000000,5.943951516,7.510553469,10.000000000
1,3.614000000,5.950844863,7.490620320,10.000000000
1,3.614000000,5.957738211,7.470745655,10.000000000
1,3.614000000,5.964631559,7.450929985,10.000000000
1,3.614000000,5.971524906,7.431173821,10.000000000
1,3.614000000,5.978418254,7.411477681,10.000000000
1,3.614000000,5.985311602,7.391842087,10.000000000
1,3.614000000,5.992204949,7.372267563,10.000000000
1,3.614000000,5.999098297,7.352754640,10.000000000
1,3.614000000,6.005991645,7.333303850,10.000000000
1,3.614000000,6.012884992,7.313915865,10.000000000
1,3.614000000,6.019778340,7.294591425,10.000000000
1,3.614000000,6.026671688,7.275330745,10.000000000
1,3.614000000,6.033565035,7.256134375,10.000000000
1,3.614000000,6.040458383,7.237002870,10.000000000
1,3.614000000,6.047351731,7.217936789,10.000000000
1,3.614000000,6.054245078,7.198936693,10.000000000
1,3.614000000,6.061138426,7.180003149,10.000000000
1,3.614000000,6.068031774,7.161136730,10.000000000
1,3.614000000,6.074925121,7.142338010,10.000000000
1,3.614000000,6.081818469,7.123607568,10.000000000
1,3.614000000,6.088711817,7.104945988,10.000000000
1,3.614000000,6.095605165,7.086353858,10.000000000
1,3.614000000,6.102498512,7.067831770,10.000000000
1,3.614000000,6.109391860,7.049380630,10.000000000
1,3.614000000,6.116285208,7.031000905,10.000000000
1,3.614000000,6.123178555,7.012693024,10.000000000
1,3.614000000,6.130071903,6.994457595,10.000000000
1,3.614000000,6.136965251,6.976295230,10.000000000
1,3.614000000,6.143858598,6.958206547,10.000000000
1,3.614000000,6.150751946,6.940192166,10.000000000
1,3.614000000,6.157645294,6.922252713,10.000000000
1,3.614000000,6.164538641,6.904388817,10.000000000
1,3.614000000,6.171431989,6.886601111,10.000000000
1,3.614000000,6.178325337,6.868890233,10.000000000
1,3.614000000,6.185218684,6.851256824,10.000000000
1,3.614000000,6.192112032,6.833701577,10.000000000
1,3.614000000,6.199005380,6.816225557,10.000000000
1,3.614000000,6.205898727,6.798828956,10.000000000
1,3.614000000,6.212792075,6.781512430,10.000000000
1,3.614000000,6.219685423,6.764276640,10.000000000
1,3.614000000,6.226578770,6.747122253,10.000000000
1,3.614000000,6.233472118,6.730049937,10.000000000
1,3.614000000,6.240365466,6.713060366,10.000000000
1,3.614000000,6.247258813,6.696154215,10.000000000
1,3.614000000,6.254152161,6.679332167,10.000000000
1,3.614000000,6.261045509,6.662594905,10.000000000
1,3.614000000,6.267938856,6.645943116,10.000000000
1,3.614000000,6.274832204,6.629377776,10.000000000
1,3.614000000,6.281725552,6.612899548,10.000000000
1,3.614000000,6.288618900,6.596508880,10.000000000
1,3.614000000,6.295512247,6.580206475,10.000000000
1,3.614000000,6.302405595,6.563993039,10.000000000
1,3.614000000,6.309298943,6.547869280,10.000000000
1,3.614000000,6.316192290,6.531835911,10.000000000
1,3.614000000,6.323085638,6.515893649,10.000000000
1,3.614000000,6.329978986,6.500043213,10.000000000
1,3.614000000,6.336872333,6.484285325,10.000000000
1,3.614000000,6.343765681,6.468620710,10.000000000
1,3.614000000,6.350659029,6.453050561,10.000000000
1,3.614000000,6.357552376,6.437575236,10.000000000
1,3.614000000,6.364445724,6.422195379,10.000000000
1,3.614000000,6.371339072,6.406911727,10.000000000
1,3.614000000,6.378232419,6.391725021,10.000000000
1,3.614000000,6.385125767,6.376636002,10.000000000
1,3.614000000,6.392019115,6.361645418,10.000000000
1,3.614000000,6.398912462,6.346754014,10.000000000
1,3.614000000,6.405805810,6.331962542,10.000000000
1,3.614000000,6.412699158,6.317271754,10.000000000
1,3.614000000,6.419592505,6.302682935,10.000000000
1,3.614000000,6.426485853,6.288196356,10.000000000
1,3.614000000,6.433379201,6.273812733,10.000000000
1,3.614000000,6.440272548,6.259532826,10.000000000
1,3.614000000,6.447165896,6.245357398,10.000000000
1,3.614000000,6.454059244,6.231287213,10.000000000
1,3.614000000,6.460952592,6.217323038,10.000000000
1,3.614000000,6.467845939,6.203465641,10.000000000
1,3.614000000,6.474739287,6.189715790,10.000000000
1,3.614000000,6.481632635,6.176074674,10.000000000
1,3.614000000,6.488525982,6.162542823,10.000000000
1,3.614000000,6.495419330,6.149120834,10.000000000
1,3.614000000,6.502312678,6.135809480,10.000000000
1,3.614000000,6.509206025,6.122609535,10.000000000
1,3.614000000,6.516099373,6.109521774,10.000000000
1,3.614000000,6.522992721,6.096546973,10.000000000
1,3.614000000,6.529886068,6.083685908,10.000000000
1,3.614000000,6.536779416,6.070939423,10.000000000
1,3.614000000,6.543672764,6.058308772,10.000000000
1,3.614000000,6.550566111,6.045794185,10.000000000
1,3.614000000,6.557459459,6.033396438,10.000000000
1,3.614000000,6.564352807,6.021116307,10.000000000
1,3.614000000,6.571246154,6.008954568,10.000000000
1,3.614000000,6.578139502,5.996911994,10.000000000
1,3.614000000,6.585032850,5.984989360,10.000000000
1,3.614000000,6.591926197,5.973187491,10.000000000
1,3.614000000,6.598819545,5.961507684,10.000000000
1,3.614000000,6.605712893,5.949950130,10.000000000
1,3.614000000,6.612606240,5.938515599,10.000000000
1,3.614000000,6.619499588,5.927204857,10.000000000
1,3.614000000,6.626392936,5.916018670,10.000000000
1,3.614000000,6.633286283,5.904957801,10.000000000
1,3.614000000,6.640179631,5.894023011,10.000000000
1,3.614000000,6.647072979,5.883215428,10.000000000
1,3.614000000,6.653966327,5.872535717,10.000000000
1,3.614000000,6.660859674,5.861984353,10.000000000
1,3.614000000,6.667753022,5.851562085,10.000000000
1,3.614000000,6.674646370,5.841269662,10.000000000
1,3.614000000,6.681539717,5.831107826,10.000000000
1,3.614000000,6.688433065,5.821077318,10.000000000
1,3.614000000,6.695326413,5.811179222,10.000000000
1,3.614000000,6.702219760,5.801414241,10.000000000
1,3.614000000,6.709113108,5.791782786,10.000000000
1,3.614000000,6.716006456,5.782285580,10.000000000
1,3.614000000,6.722899803,5.772923344,10.000000000
1,3.614000000,6.729793151,5.763696792,10.000000000
1,3.614000000,6.736686499,5.754606634,10.000000000
1,3.614000000,6.743579846,5.745654185,10.000000000
1,3.614000000,6.750473194,5.736839604,10.000000000
1,3.614000000,6.757366542,5.728163515,10.000000000
1,3.614000000,6.764259889,5.719626605,10.000000000
1,3.614000000,6.771153237,5.711229558,10.000000000
1,3.614000000,6.778046585,5.702973048,10.000000000
1,3.614000000,6.784939932,5.694858202,10.000000000
1,3.614000000,6.791833280,5.686885464,10.000000000
1,3.614000000,6.798726628,5.679055250,10.000000000
1,3.614000000,6.805619975,5.671368210,10.000000000
1,3.614000000,6.812513323,5.663824986,10.000000000
1,3.614000000,6.819406671,5.656426212,10.000000000
1,3.614000000,6.826300019,5.649173061,10.000000000
1,3.614000000,6.833193366,5.642065765,10.000000000
1,3.614000000,6.840086714,5.635104773,10.000000000
1,3.614000000,6.846980062,5.628290687,10.000000000
1,3.614000000,6.853873409,5.621624100,10.000000000
1,3.614000000,6.860766757,5.615105752,10.000000000
1,3.614000000,6.867660105,5.608736631,10.000000000
1,3.614000000,6.874553452,5.602516736,10.000000000
1,3.614000000,6.881446800,5.596446624,10.000000000
1,3.614000000,6.888340148,5.590526842,10.000000000
1,3.614000000,6.895233495,5.584757928,10.000000000
1,3.614000000,6.902126843,5.579141110,10.000000000
1,3.614000000,6.909020191,5.573676240,10.000000000
1,3.614000000,6.915913538,5.568363791,10.000000000
1,3.614000000,6.922806886,5.563204258,10.000000000
1,3.614000000,6.929700234,5.558198129,10.000000000
1,3.614000000,6.936593581,5.553346601,10.000000000
1,3.614000000,6.943486929,5.548649438,10.000000000
1,3.614000000,6.950380277,5.544107069,10.000000000
1,3.614000000,6.957273624,5.539719936,10.000000000
1,3.614000000,6.964166972,5.535488648,10.000000000
1,3.614000000,6.971060320,5.531414022,10.000000000
1,3.614000000,6.977953667,5.527495884,10.000000000
1,3.614000000,6.984847015,5.523734627,10.000000000
1,3.614000000,6.991740363,5.520130635,10.000000000
1,3.614000000,6.998633710,5.516684845,10.000000000
1,3.614000000,7.005527058,5.513397243,10.000000000
1,3.614000000,7.012420406,5.510267972,10.000000000
1,3.614000000,7.019313754,5.507297365,10.000000000
1,3.614000000,7.026207101,5.504486101,10.000000000
1,3.614000000,7.033100449,5.501834540,10.000000000
1,3.614000000,7.039993797,5.499342555,10.000000000
1,3.614000000,7.046887144,5.497010426,10.000000000
1,3.614000000,7.053780492,5.494838724,10.000000000
1,3.614000000,7.060673840,5.492827875,10.000000000
1,3.614000000,7.067567187,5.490977632,10.000000000
1,3.614000000,7.074460535,5.489288222,10.000000000
1,3.614000000,7.081353883,5.487760256,10.000000000
1,3.614000000,7.088247230,5.486393923,10.000000000
1,3.614000000,7.095140578,5.485189009,10.000000000
1,3.614000000,7.102033926,5.484145682,10.000000000
1,3.614000000,7.108927273,5.483264735,10.000000000
1,3.614000000,7.115820621,5.482545835,10.000000000
1,3.614000000,7.122713969,5.481988938,10.000000000
1,3.614000000,7.129607316,5.481594359,10.000000000
1,3.614000000,7.136500664,5.481362606,10.000000000
1,3.614000000,7.143394012,5.481293145,10.000000000
1,3.614000000,7.150287359,5.481386045,10.000000000
1,3.614000000,7.157180707,5.481642065,10.000000000
1,3.614000000,7.164074055,5.482060656,10.000000000
1,3.614000000,7.170967402,5.482641722,10.000000000
1,3.614000000,7.177860750,5.483385782,10.000000000
1,3.614000000,7.184754098,5.484292648,10.000000000
1,3.614000000,7.191647446,5.485361976,10.000000000
1,3.614000000,7.198540793,5.486594148,10.000000000
1,3.614000000,7.205434141,5.487989124,10.000000000
1,3.614000000,7.212327489,5.489546418,10.000000000
1,3.614000000,7.219220836,5.491266381,10.000000000
1,3.614000000,7.226114184,5.493148911,10.000000000
1,3.614000000,7.233007532,5.495193484,10.000000000
1,3.614000000,7.239900879,5.497400527,10.000000000
1,3.614000000,7.246794227,5.499769668,10.000000000
1,3.614000000,7.253687575,5.502300451,10.000000000
1,3.614000000,7.260580922,5.504993472,10.000000000
1,3.614000000,7.267474270,5.507847899,10.000000000
1,3.614000000,7.274367618,5.510863638,10.000000000
1,3.614000000,7.281260965,5.514040958,10.000000000
1,3.614000000,7.288154313,5.517378968,10.000000000
1,3.614000000,7.295047661,5.520878034,10.000000000
1,3.614000000,7.301941008,5.524537598,10.000000000
1,3.614000000,7.308834356,5.528357314,10.000000000
1,3.614000000,7.315727704,5.532337408,10.000000000
1,3.614000000,7.322621051,5.536476904,10.000000000
1,3.614000000,7.329514399,5.540776263,10.000000000
1,3.614000000,7.336407747,5.545234550,10.000000000
1,3.614000000,7.343301094,5.549851816,10.000000000
1,3.614000000,7.350194442,5.554627609,10.000000000
1,3.614000000,7.357087790,5.559561516,10.000000000
1,3.614000000,7.363981137,5.564653430,10.000000000
1,3.614000000,7.370874485,5.569902608,10.000000000
1,3.614000000,7.377767833,5.575309161,10.000000000
1,3.614000000,7.384661181,5.580872143,10.000000000
1,3.614000000,7.391554528,5.586591754,10.000000000
1,3.614000000,7.398447876,5.592466977,10.000000000
1,3.614000000,7.405341224,5.598497974,10.000000000
1,3.614000000,7.412234571,5.604683781,10.000000000
1,3.614000000,7.419127919,5.611024404,10.000000000
1,3.614000000,7.426021267,5.617519047,10.000000000
1,3.614000000,7.432914614,5.624167446,10.000000000
1,3.614000000,7.439807962,5.630969091,10.000000000
1,3.614000000,7.446701310,5.637923332,10.000000000
1,3.614000000,7.453594657,5.645030058,10.000000000
1,3.614000000,7.460488005,5.652288255,10.000000000
1,3.614000000,7.467381353,5.659697934,10.000000000
1,3.614000000,7.474274700,5.667258205,10.000000000
1,3.614000000,7.481168048,5.674968547,10.000000000
1,3.614000000,7.488061396,5.682828774,10.000000000
1,3.614000000,7.494954743,5.690837901,10.000000000
1,3.614000000,7.501848091,5.698995565,10.000000000
1,3.614000000,7.508741439,5.707301357,10.000000000
1,3.614000000,7.515634786,5.715754402,10.000000000
1,3.614000000,7.522528134,5.724354204,10.000000000
1,3.614000000,7.529421482,5.733100466,10.000000000
1,3.614000000,7.536314829,5.741992258,10.000000000
1,3.614000000,7.543208177,5.751028999,10.000000000
1,3.614000000,7.550101525,5.760210208,10.000000000
1,3.614000000,7.556994872,5.769535358,10.000000000
1,3.614000000,7.563888220,5.779003641,10.000000000
1,3.614000000,7.570781568,5.788614446,10.000000000
1,3.614000000,7.577674916,5.798367154,10.000000000
1,3.614000000,7.584568263,5.808261164,10.000000000
1,3.614000000,7.591461611,5.818295957,10.000000000
1,3.614000000,7.598354959,5.828470731,10.000000000
1,3.614000000,7.605248306,5.838784843,10.000000000
1,3.614000000,7.612141654,5.849237643,10.000000000
1,3.614000000,7.619035002,5.859828474,10.000000000
1,3.614000000,7.625928349,5.870556675,10.000000000
1,3.614000000,7.632821697,5.881421579,10.000000000
1,3.614000000,7.639715045,5.892422513,10.000000000
1,3.614000000,7.646608392,5.903558799,10.000000000
1,3.614000000,7.653501740,5.914829754,10.000000000
1,3.614000000,7.660395088,5.926234692,10.000000000
1,3.614000000,7.667288435,5.937772920,10.000000000
1,3.614000000,7.674181783,5.949443742,10.000000000
1,3.614000000,7.681075131,5.961246521,10.000000000
1,3.614000000,7.687968478,5.973180605,10.000000000
1,3.614000000,7.694861826,5.985245191,10.000000000
1,3.614000000,7.701755174,5.997439567,10.000000000
1,3.614000000,7.708648521,6.009763056,10.000000000
1,3.614000000,7.715541869,6.022215135,10.000000000
1,3.614000000,7.722435217,6.034794868,10.000000000
1,3.614000000,7.729328564,6.047501633,10.000000000
1,3.614000000,7.736221912,6.060334836,10.000000000
1,3.614000000,7.743115260,6.073293558,10.000000000
1,3.614000000,7.750008608,6.086377394,10.000000000
1,3.614000000,7.756901955,6.099585351,10.000000000
1,3.614000000,7.763795303,6.112916956,10.000000000
1,3.614000000,7.770688651,6.126371398,10.000000000
1,3.614000000,7.777581998,6.139947937,10.000000000
1,3.614000000,7.784475346,6.153646038,10.000000000
1,3.614000000,7.791368694,6.167464921,10.000000000
1,3.614000000,7.798262041,6.181403874,10.000000000
1,3.614000000,7.805155389,6.195462227,10.000000000
1,3.614000000,7.812048737,6.209639306,10.000000000
1,3.614000000,7.818942084,6.223934436,10.000000000
1,3.614000000,7.825835432,6.238346936,10.000000000
1,3.614000000,7.832728780,6.252876122,10.000000000
1,3.614000000,7.839622127,6.267521309,10.000000000
1,3.614000000,7.846515475,6.282281923,10.000000000
1,3.614000000,7.853408823,6.297157244,10.000000000
1,3.614000000,7.860302170,6.312146557,10.000000000
1,3.614000000,7.867195518,6.327249370,10.000000000
1,3.614000000,7.874088866,6.342464903,10.000000000
1,3.614000000,7.880982213,6.357792538,10.000000000
1,3.614000000,7.887875561,6.373231762,10.000000000
1,3.614000000,7.894768909,6.388781862,10.000000000
1,3.614000000,7.901662256,6.404442234,10.000000000
1,3.614000000,7.908555604,6.420212271,10.000000000
1,3.614000000,7.915448952,6.436091468,10.000000000
1,3.614000000,7.922342299,6.452079150,10.000000000
1,3.614000000,7.929235647,6.468174753,10.000000000
1,3.614000000,7.936128995,6.484377753,10.000000000
1,3.614000000,7.943022343,6.500687612,10.000000000
1,3.614000000,7.949915690,6.517103754,10.000000000
1,3.614000000,7.956809038,6.533625665,10.000000000
1,3.614000000,7.963702386,6.550252816,10.000000000
1,3.614000000,7.970595733,6.566984810,10.000000000
1,3.614000000,7.977489081,6.583821019,10.000000000
1,3.614000000,7.984382429,6.600761083,10.000000000
1,3.614000000,7.991275776,6.617804497,10.000000000
1,3.614000000,7.998169124,6.634950827,10.000000000
1,3.614000000,8.005062472,6.652199670,10.000000000
1,3.614000000,8.011955819,6.669550544,10.000000000
1,3.614000000,8.018849167,6.687003086,10.000000000
1,3.614000000,8.025742515,6.704556922,10.000000000
1,3.614000000,8.032635862,6.722211644,10.000000000
1,3.614000000,8.039529210,6.739966823,10.000000000
1,3.614000000,8.046422558,6.757822144,10.000000000
1,3.614000000,8.053315905,6.775777185,10.000000000
1,3.614000000,8.060209253,6.793831595,10.000000000
1,3.614000000,8.067102601,6.811984901,10.000000000
1,3.614000000,8.073995948,6.830236739,10.000000000
1,3.614000000,8.080889296,6.848586615,10.000000000
1,3.614000000,8.087782644,6.867034041,10.000000000
1,3.614000000,8.094675991,6.885578530,10.000000000
1,3.614000000,8.101569339,6.904219425,10.000000000
1,3.614000000,8.108462687,6.922956114,10.000000000
1,3.614000000,8.115356035,6.941787891,10.000000000
1,3.614000000,8.122249382,6.960713945,10.000000000
1,3.614000000,8.129142730,6.979733410,10.000000000
1,3.614000000,8.136036078,6.998845358,10.000000000
1,3.614000000,8.142929425,7.018048755,10.000000000
1,3.614000000,8.149822773,7.037342501,10.000000000
1,3.614000000,8.156716121,7.056725436,10.000000000
1,3.614000000,8.163609468,7.076196337,10.000000000
1,3.614000000,8.170502816,7.095753977,10.000000000
1,3.614000000,8.177396164,7.115397003,10.000000000
1,3.614000000,8.184289511,7.135124128,10.000000000
1,3.614000000,8.191182859,7.154933993,10.000000000
1,3.614000000,8.198076207,7.174825269,10.000000000
1,3.614000000,8.204969554,7.194796608,10.000000000
1,3.614000000,8.211862902,7.214846741,10.000000000
1,3.614000000,8.218756250,7.234974330,10.000000000
1,3.614000000,8.225649597,7.255178129,10.000000000
1,3.614000000,8.232542945,7.275456892,10.000000000
1,3.614000000,8.239436293,7.295809457,10.000000000
1,3.614000000,8.246329640,7.316234630,10.000000000
1,3.614000000,8.253222988,7.336731311,10.000000000
1,3.614000000,8.260116336,7.357298410,10.000000000
1,3.614000000,8.267009683,7.377934879,10.000000000
1,3.614000000,8.273903031,7.398639721,10.000000000
1,3.614000000,8.280796379,7.419411979,10.000000000
1,3.614000000,8.287689726,7.440250691,10.000000000
1,3.614000000,8.294583074,7.461155006,10.000000000
1,3.614000000,8.301476422,7.482124003,10.000000000
1,3.614000000,8.308369770,7.503156883,10.000000000
1,3.614000000,8.315263117,7.524252814,10.000000000
1,3.614000000,8.322156465,7.545411035,10.000000000
1,3.614000000,8.329049813,7.566630792,10.000000000
1,3.614000000,8.335943160,7.587911345,10.000000000
1,3.614000000,8.342836508,7.609251997,10.000000000
1,3.614000000,8.349729856,7.630652083,10.000000000
1,3.614000000,8.356623203,7.652110919,10.000000000
1,3.614000000,8.363516551,7.673627856,10.000000000
1,3.614000000,8.370409899,7.695202285,10.000000000
1,3.614000000,8.377303246,7.716833605,10.000000000
1,3.614000000,8.384196594,7.738521225,10.000000000
1,3.614000000,8.391089942,7.760264561,10.000000000
1,3.614000000,8.397983289,7.782063037,10.000000000
1,3.614000000,8.404876637,7.803916116,10.000000000
1,3.614000000,8.411769985,7.825823292,10.000000000
1,3.614000000,8.418663332,7.847783994,10.000000000
1,3.614000000,8.425556680,7.869797746,10.000000000
1,3.614000000,8.432450028,7.891864050,10.000000000
1,3.614000000,8.439343375,7.913982389,10.000000000
1,3.614000000,8.446236723,7.936152295,10.000000000
1,3.614000000,8.453130071,7.958373303,10.000000000
1,3.614000000,8.460023418,7.980644956,10.000000000
1,3.614000000,8.466916766,8.002966801,10.000000000
1,3.614000000,8.473810114,8.025338394,10.000000000
1,3.614000000,8.480703462,8.047759292,10.000000000
1,3.614000000,8.487596809,8.070229061,10.000000000
1,3.614000000,8.494490157,8.092747272,10.000000000
1,3.614000000,8.501383505,8.115313544,10.000000000
1,3.614000000,8.508276852,8.137927455,10.000000000
1,3.614000000,8.515170200,8.160588564,10.000000000
1,3.614000000,8.522063548,8.183296555,10.000000000
1,3.614000000,8.528956895,8.206050953,10.000000000
1,3.614000000,8.535850243,8.228851447,10.000000000
1,3.614000000,8.542743591,8.251697582,10.000000000
1,3.614000000,8.549636938,8.274589081,10.000000000
1,3.614000000,8.556530286,8.297525491,10.000000000
1,3.614000000,8.563423634,8.320506479,10.000000000
1,3.614000000,8.570316981,8.343531717,10.000000000
1,3.614000000,8.577210329,8.366600808,10.000000000
1,3.614000000,8.584103677,8.389713408,10.000000000
1,3.614000000,8.590997024,8.412869196,10.000000000
1,3.614000000,8.597890372,8.436067840,10.000000000
1,3.614000000,8.604783720,8.459308980,10.000000000
1,3.614000000,8.611677067,8.482592288,10.000000000
1,3.614000000,8.618570415,8.505917439,10.000000000
1,3.614000000,8.625463763,8.529284111,10.000000000
1,3.614000000,8.632357110,8.552691987,10.000000000
1,3.614000000,8.639250458,8.576140752,10.000000000
1,3.614000000,8.646143806,8.599630093,10.000000000
1,3.614000000,8.653037153,8.623159704,10.000000000
1,3.614000000,8.659930501,8.646729279,10.000000000
1,3.614000000,8.666823849,8.670338516,10.000000000
1,3.614000000,8.673717197,8.693987116,10.000000000
1,3.614000000,8.680610544,8.717674785,10.000000000
1,3.614000000,8.687503892,8.741401230,10.000000000
1,3.614000000,8.694397240,8.765166162,10.000000000
1,3.614000000,8.701290587,8.788969310,10.000000000
1,3.614000000,8.708183935,8.812810397,10.000000000
1,3.614000000,8.715077283,8.836689124,10.000000000
1,3.614000000,8.721970630,8.860605215,10.000000000
1,3.614000000,8.728863978,8.884558395,10.000000000
1,3.614000000,8.735757326,8.908548419,10.000000000
1,3.614000000,8.742650673,8.932575014,10.000000000
1,3.614000000,8.749544021,8.956637894,10.000000000
1,3.614000000,8.756437369,8.980736797,10.000000000
1,3.614000000,8.763330716,9.004871509,10.000000000
1,3.614000000,8.770224064,9.029041735,10.000000000
1,3.614000000,8.777117412,9.053247212,10.000000000
1,3.614000000,8.784010759,9.077487730,10.000000000
1,3.614000000,8.790904107,9.101763015,10.000000000
1,3.614000000,8.797797455,9.126072805,10.000000000
1,3.614000000,8.804690802,9.150416908,10.000000000
1,3.614000000,8.811584150,9.174795037,10.000000000
1,3.614000000,8.818477498,9.199206964,10.000000000
1,3.614000000,8.825370845,9.223652477,10.000000000
1,3.614000000,8.832264193,9.248131299,10.000000000
1,3.614000000,8.839157541,9.272643252,10.000000000
1,3.614000000,8.846050889,9.297188061,10.000000000
1,3.614000000,8.852944236,9.321765526,10.000000000
1,3.614000000,8.859837584,9.346375413,10.000000000
1,3.614000000,8.866730932,9.371017497,10.000000000
1,3.614000000,8.873624279,9.395691572,10.000000000
1,3.614000000,8.880517627,9.420397400,10.000000000
1,3.614000000,8.887410975,9.445134789,10.000000000
1,3.614000000,8.894304322,9.469903499,10.000000000
1,3.614000000,8.901197670,9.494703346,10.000000000
1,3.614000000,8.908091018,9.519534096,10.000000000
1,3.614000000,8.914984365,9.544395562,10.000000000
1,3.614000000,8.921877713,9.569287522,10.000000000
1,3.614000000,8.928771061,9.594209783,10.000000000
1,3.614000000,8.935664408,9.619162141,10.000000000
1,3.614000000,8.942557756,9.644144392,10.000000000
1,3.614000000,8.949451104,9.669156349,10.000000000
1,3.614000000,8.956344451,9.694197798,10.000000000
1,3.614000000,8.963237799,9.719268572,10.000000000
1,3.614000000,8.970131147,9.744368451,10.000000000
1,3.614000000,8.977024494,9.769497266,10.000000000
1,3.614000000,8.983917842,9.794654817,10.000000000
1,3.614000000,8.990811190,9.819840916,10.000000000
1,3.614000000,8.997704537,9.845055391,10.000000000
1,3.614000000,9.004597885,9.870298042,10.000000000
1,3.614000000,9.011491233,9.895568702,10.000000000
1,3.614000000,9.018384580,9.920867184,10.000000000
1,3.614000000,9.025277928,9.946193307,10.000000000
1,3.614000000,9.032171276,9.971546906,10.000000000
1,3.614000000,9.039064624,9.996927795,10.000000000
1,3.614000000,9.045957971,10.022335805,10.000000000
1,3.614000000,9.052851319,10.047770767,10.000000000
1,3.614000000,9.059744667,10.073232507,10.000000000
1,3.614000000,9.066638014,10.098720859,10.000000000
1,3.614000000,9.073531362,10.254158970,10.000000000
1,3.614000000,9.080424710,10.800744060,10.000000000
1,3.614000000,9.087318057,11.691941052,10.000000000
1,3.614000000,9.094211405,12.856283138,10.000000000
1,3.614000000,9.101104753,14.226864165,10.000000000
1,3.614000000,9.107998100,15.749934255,10.000000000
1,3.614000000,9.114891448,17.385462646,10.000000000
1,3.614000000,9.121784796,19.104588742,10.000000000
1,3.614000000,9.128678143,20.886680633,10.000000000
1,3.614000000,9.135571491,22.716924572,10.000000000
1,3.614000000,9.142464839,24.584568603,10.000000000
1,3.614000000,9.149358186,26.481700890,10.000000000
1,3.614000000,9.156251534,28.402413065,10.000000000
1,3.614000000,9.163144882,30.342227523,10.000000000
1,3.614000000,9.170038229,32.297702573,10.000000000
1,3.614000000,9.176931577,34.266157199,10.000000000
1,3.614000000,9.183824925,36.245476740,10.000000000
1,3.614000000,9.190718272,38.233973849,10.000000000
1,3.614000000,9.197611620,40.230287667,10.000000000
1,3.614000000,9.204504968,42.233309750,10.000000000
1,3.614000000,9.211398316,44.242128977,10.000000000
1,3.614000000,9.218291663,46.255990073,10.000000000
1,3.614000000,9.225185011,48.274262047,10.000000000
1,3.614000000,9.232078359,50.296413907,10.000000000
1,3.614000000,9.238971706,52.321995804,10.000000000
1,3.614000000,9.245865054,54.350624239,10.000000000
1,3.614000000,9.252758402,56.381970369,10.000000000
1,3.614000000,9.259651749,58.415750680,10.000000000
1,3.614000000,9.266545097,60.451719492,10.000000000
1,3.614000000,9.273438445,62.489662895,10.000000000
1,3.614000000,9.280331792,64.529393809,10.000000000
1,3.614000000,9.287225140,66.570747924,10.000000000
1,3.614000000,9.294118488,68.613580363,10.000000000
1,3.614000000,9.301011835,70.657762904,10.000000000
1,3.614000000,9.307905183,72.703181664,10.000000000
1,3.614000000,9.314798531,74.749735163,10.000000000
1,3.614000000,9.321691878,76.797332682,10.000000000
1,3.614000000,9.328585226,78.845892883,10.000000000
1,3.614000000,9.335478574,80.895342629,10.000000000
1,3.614000000,9.342371921,82.945615984,10.000000000
1,3.614000000,9.349265269,84.996653346,10.000000000
1,3.614000000,9.356158617,87.048400712,10.000000000
1,3.614000000,9.363051964,89.100809032,10.000000000
1,3.614000000,9.369945312,91.153833661,10.000000000
1,3.614000000,9.376838660,93.207433873,10.000000000
1,3.614000000,9.383732007,95.261572445,10.000000000
1,3.614000000,9.390625355,97.316215285,10.000000000
1,3.614000000,9.397518703,99.371331114,10.000000000
1,3.614000000,9.404412051,101.426891180,10.000000000
1,3.614000000,9.411305398,103.482869012,10.000000000
1,3.614000000,9.418198746,105.539240194,10.000000000
1,3.614000000,9.425092094,107.595982173,10.000000000
1,3.614000000,9.431985441,109.653074083,10.000000000
1,3.614000000,9.438878789,111.710496595,10.000000000
1,3.614000000,9.445772137,113.768231770,10.000000000
1,3.614000000,9.452665484,115.826262947,10.000000000
1,3.614000000,9.459558832,117.884574621,10.000000000
1,3.614000000,9.466452180,119.943152351,10.000000000
1,3.614000000,9.473345527,122.001982672,10.000000000
1,3.614000000,9.480238875,124.061053006,10.000000000
1,3.614000000,9.487132223,126.120351598,10.000000000
1,3.614000000,9.494025570,128.179867447,10.000000000
1,3.614000000,9.500918918,130.239590246,10.000000000
1,3.614000000,9.507812266,132.299510330,10.000000000
1,3.614000000,9.514705613,134.359618625,10.000000000
1,3.614000000,9.521598961,136.419906603,10.000000000
1,3.614000000,9.528492309,138.480366245,10.000000000
1,3.614000000,9.535385656,140.540990001,10.000000000
1,3.614000000,9.542279004,142.601770757,10.000000000
1,3.614000000,9.549172352,144.662701802,10.000000000
1,3.614000000,9.556065699,146.723776803,10.000000000
1,3.614000000,9.562959047,148.784989779,10.000000000
1,3.614000000,9.569852395,150.846335073,10.000000000
1,3.614000000,9.576745743,152.907807334,10.000000000
1,3.614000000,9.583639090,154.969401495,10.000000000
1,3.614000000,9.590532438,157.031112754,10.000000000
1,3.614000000,9.597425786,159.092936560,10.000000000
1,3.614000000,9.604319133,161.154868592,10.000000000
1,3.614000000,9.611212481,163.216904749,10.000000000
1,3.614000000,9.618105829,165.279041134,10.000000000
1,3.614000000,9.624999176,167.341274041,10.000000000
1,3.614000000,9.631892524,169.403599945,10.000000000
1,3.614000000,9.638785872,171.466015491,10.000000000
1,3.614000000,9.645679219,173.528517482,10.000000000
1,3.614000000,9.652572567,175.591102873,10.000000000
1,3.614000000,9.659465915,177.653768758,10.000000000
1,3.614000000,9.666359262,179.716512366,10.000000000
1,3.614000000,9.673252610,181.779331051,10.000000000
1,3.614000000,9.680145958,183.842222285,10.000000000
1,3.614000000,9.687039305,185.905183654,10.000000000
1,3.614000000,9.693932653,187.968212849,10.000000000
1,3.614000000,9.700826001,190.031307660,10.000000000
1,3.614000000,9.707719348,192.094465973,10.000000000
1,3.614000000,9.714612696,194.157685764,10.000000000
1,3.614000000,9.721506044,196.220965094,10.000000000
1,3.614000000,9.728399391,198.284302104,10.000000000
1,3.614000000,9.735292739,200.347695012,10.000000000
1,3.614000000,9.742186087,202.411142108,10.000000000
1,3.614000000,9.749079434,204.474641752,10.000000000
1,3.614000000,9.755972782,206.538192369,10.000000000
1,3.614000000,9.762866130,208.601792446,10.000000000
1,3.614000000,9.769759478,210.665440529,10.000000000
1,3.614000000,9.776652825,212.729135223,10.000000000
1,3.614000000,9.783546173,214.792875182,10.000000000
1,3.614000000,9.790439521,216.856659115,10.000000000
1,3.614000000,9.797332868,218.920485779,10.000000000
1,3.614000000,9.804226216,220.984353975,10.000000000
1,3.614000000,9.811119564,223.048262552,10.000000000
1,3.614000000,9.818012911,225.112210397,10.000000000
1,3.614000000,9.824906259,227.176196442,10.000000000
1,3.614000000,9.831799607,229.240219654,10.000000000
1,3.614000000,9.838692954,231.304279039,10.000000000
1,3.614000000,9.845586302,233.368373636,10.000000000
1,3.614000000,9.852479650,235.432502519,10.000000000
1,3.614000000,9.859372997,237.496664795,10.000000000
1,3.614000000,9.866266345,239.560859600,10.000000000
1,3.614000000,9.873159693,241.625086100,10.000000000
1,3.614000000,9.880053040,243.689343491,10.000000000
1,3.614000000,9.886946388,245.753630993,10.000000000
1,3.614000000,9.893839736,247.817947855,10.000000000
1,3.614000000,9.900733083,249.882293348,10.000000000
1,3.614000000,9.907626431,251.946666769,10.000000000
1,3.614000000,9.914519779,254.011067436,10.000000000
1,3.614000000,9.921413126,256.075494692,10.000000000
1,3.614000000,9.928306474,258.139947898,10.000000000
1,3.614000000,9.935199822,260.204426436,10.000000000
1,3.614000000,9.942093169,262.268929708,10.000000000
1,3.614000000,9.948986517,264.333457135,10.000000000
1,3.614000000,9.955879865,266.398008154,10.000000000
1,3.614000000,9.962773213,268.462582223,10.000000000
1,3.614000000,9.969666560,270.527178812,10.000000000
1,3.614000000,9.976559908,272.591797411,10.000000000
1,3.614000000,9.983453256,274.656437523,10.000000000
1,3.614000000,9.990346603,276.721098666,10.000000000
1,3.614000000,9.997239951,278.785780373,10.000000000
1,3.614000000,10.004133299,280.850482191,10.000000000
1,3.614000000,10.011026646,282.915203680,10.000000000
1,3.614000000,10.017919994,284.979944411,10.000000000
1,3.614000000,10.024813342,287.044703969,10.000000000
1,3.614000000,10.031706689,289.109481952,10.000000000
1,3.614000000,10.038600037,291.174277967,10.000000000
1,3.614000000,10.045493385,293.239091633,10.000000000
1,3.614000000,10.052386732,295.303922580,10.000000000
1,3.614000000,10.059280080,297.368770448,10.000000000
1,3.614000000,10.066173428,299.433634888,10.000000000
1,3.614000000,10.073066775,301.498515557,10.000000000
1,3.614000000,10.079960123,303.563412126,10.000000000
1,3.614000000,10.086853471,305.628324273,10.000000000
1,3.614000000,10.093746818,307.693251682,10.000000000
1,3.614000000,10.100640166,309.758194050,10.000000000
1,3.614000000,10.107533514,311.823151079,10.000000000
1,3.614000000,10.114426861,313.888122479,10.000000000
1,3.614000000,10.121320209,315.953107969,10.000000000
1,3.614000000,10.128213557,318.018107275,10.000000000
1,3.614000000,10.135106905,320.083120129,10.000000000
1,3.614000000,10.142000252,322.148146270,10.000000000
1,3.614000000,10.148893600,324.213185445,10.000000000
1,3.614000000,10.155786948,326.278237406,10.000000000
1,3.614000000,10.162680295,328.343301912,10.000000000
1,3.614000000,10.169573643,330.408378728,10.000000000
1,3.614000000,10.176466991,332.473467623,10.000000000
1,3.614000000,10.183360338,334.538568376,10.000000000
1,3.614000000,10.190253686,336.603680767,10.000000000
1,3.614000000,10.197147034,338.668804583,10.000000000
1,3.614000000,10.204040381,340.733939617,10.000000000
1,3.614000000,10.210933729,342.799085666,10.000000000
1,3.614000000,10.217827077,344.864242532,10.000000000
1,3.614000000,10.224720424,346.929410022,10.000000000
1,3.614000000,10.231613772,348.994587947,10.000000000
1,3.614000000,10.238507120,351.059776123,10.000000000
1,3.614000000,10.245400467,353.124974371,10.000000000
1,3.614000000,10.252293815,355.190182514,10.000000000
1,3.614000000,10.259187163,357.255400381,10.000000000
1,3.614000000,10.266080510,359.320627805,10.000000000
1,3.614000000,10.272973858,361.385864621,10.000000000
1,3.614000000,10.279867206,363.451110670,10.000000000
1,3.614000000,10.286760553,365.516365794,10.000000000
1,3.614000000,10.293653901,367.581629841,10.000000000
1,3.614000000,10.300547249,369.646902662,10.000000000
1,3.614000000,10.307440596,371.712184110,10.000000000
1,3.614000000,10.314333944,373.777474042,10.000000000
1,3.614000000,10.321227292,375.842772318,10.000000000
1,3.614000000,10.328120640,377.908078802,10.000000000
1,3.614000000,10.335013987,379.973393359,10.000000000
1,3.614000000,10.341907335,382.038715859,10.000000000
1,3.614000000,10.348800683,384.104046173,10.000000000
1,3.614000000,10.355694030,386.169384177,10.000000000
1,3.614000000,10.362587378,388.234729747,10.000000000
1,3.614000000,10.369480726,390.300082763,10.000000000
1,3.614000000,10.376374073,392.365443108,10.000000000
1,3.614000000,10.383267421,394.430810667,10.000000000
1,3.614000000,10.390160769,396.496185327,10.000000000
1,3.614000000,10.397054116,398.561566977,10.000000000
1,3.614000000,10.403947464,400.626955510,10.000000000
1,3.614000000,10.410840812,402.692350819,10.000000000
1,3.614000000,10.417734159,404.757752800,10.000000000
1,3.614000000,10.424627507,406.823161353,10.000000000
1,3.614000000,10.431520855,408.888576378,10.000000000
1,3.614000000,10.438414202,410.953997776,10.000000000
1,3.614000000,10.445307550,413.019425453,10.000000000
1,3.614000000,10.452200898,415.084859314,10.000000000
1,3.614000000,10.459094245,417.150299268,10.000000000
1,3.614000000,10.465987593,419.215745225,10.000000000
1,3.614000000,10.472880941,421.281197096,10.000000000
1,3.614000000,10.479774288,423.346654796,10.000000000
1,3.614000000,10.486667636,425.412118238,10.000000000
1,3.614000000,10.493560984,427.477587339,10.000000000
1,3.614000000,10.500454332,429.543062019,10.000000000
1,3.614000000,10.507347679,431.608542197,10.000000000
1,3.614000000,10.514241027,433.674027794,10.000000000
1,3.614000000,10.521134375,435.739518734,10.000000000
1,3.614000000,10.528027722,437.805014940,10.000000000
1,3.614000000,10.534921070,439.870516339,10.000000000
1,3.614000000,10.541814418,441.936022857,10.000000000
1,3.614000000,10.548707765,444.001534424,10.000000000
1,3.614000000,10.555601113,446.067050969,10.000000000
1,3.614000000,10.562494461,448.132572424,10.000000000
1,3.614000000,10.569387808,450.198098720,10.000000000
1,3.614000000,10.576281156,452.263629792,10.000000000
1,3.614000000,10.583174504,454.329165573,10.000000000
1,3.614000000,10.590067851,456.394706002,10.000000000
1,3.614000000,10.596961199,458.460251013,10.000000000
1,3.614000000,10.603854547,460.525800547,10.000000000
1,3.614000000,10.610747894,462.591354542,10.000000000
1,3.614000000,10.617641242,464.656912939,10.000000000
1,3.614000000,10.624534590,466.722475679,10.000000000
1,3.614000000,10.631427937,468.788042705,10.000000000
1,3.614000000,10.638321285,470.853613960,10.000000000
1,3.614000000,10.645214633,472.919189390,10.000000000
1,3.614000000,10.652107980,474.984768939,10.000000000
1,3.614000000,10.659001328,477.050352554,10.000000000
1,3.614000000,10.665894676,479.115940183,10.000000000
1,3.614000000,10.672788023,481.181531774,10.000000000
1,3.614000000,10.679681371,483.247127276,10.000000000
1,3.614000000,10.686574719,485.312726639,10.000000000
1,3.614000000,10.693468067,487.378329814,10.000000000
1,3.614000000,10.700361414,489.443936753,10.000000000
1,3.614000000,10.707254762,491.509547408,10.000000000
1,3.614000000,10.714148110,493.575161733,10.000000000
1,3.614000000,10.721041457,495.640779681,10.000000000
1,3.614000000,10.727934805,497.706401209,10.000000000
1,3.614000000,10.734828153,499.772026270,10.000000000
1,3.614000000,10.741721500,501.837654822,10.000000000
1,3.614000000,10.748614848,503.903286822,10.000000000
1,3.614000000,10.755508196,505.968922227,10.000000000
1,3.614000000,10.762401543,508.034560997,10.000000000
1,3.614000000,10.769294891,510.100203089,10.000000000
1,3.614000000,10.776188239,512.165848464,10.000000000
1,3.614000000,10.783081586,514.231497083,10.000000000
1,3.614000000,10.789974934,516.297148906,10.000000000
1,3.614000000,10.796868282,518.362803895,10.000000000
1,3.614000000,10.803761629,520.428462012,10.000000000
1,3.614000000,10.810654977,522.494123221,10.000000000
1,3.614000000,10.817548325,524.559787484,10.000000000
1,3.614000000,10.824441672,526.625454766,10.000000000
1,3.614000000,10.831335020,528.691125032,10.000000000
1,3.614000000,10.838228368,530.756798246,10.000000000
1,3.614000000,10.845121715,532.822474375,10.000000000
1,3.614000000,10.852015063,534.888153384,10.000000000
1,3.614000000,10.858908411,536.953835240,10.000000000
1,3.614000000,10.865801759,539.019519911,10.000000000
1,3.614000000,10.872695106,541.085207364,10.000000000
1,3.614000000,10.879588454,543.150897568,10.000000000
1,3.614000000,10.886481802,545.216590491,10.000000000
1,3.614000000,10.893375149,547.282286103,10.000000000
1,3.614000000,10.900268497,549.347984372,10.000000000
1,3.614000000,10.907161845,551.413685271,10.000000000
1,3.614000000,10.914055192,553.479388768,10.000000000
1,3.614000000,10.920948540,555.545094834,10.000000000
1,3.614000000,10.927841888,557.610803443,10.000000000
1,3.614000000,10.934735235,559.676514564,10.000000000
1,3.614000000,10.941628583,561.742228171,10.000000000
1,3.614000000,10.948521931,563.807944236,10.000000000
1,3.614000000,10.955415278,565.873662732,10.000000000
1,3.614000000,10.962308626,567.939383633,10.000000000
1,3.614000000,10.969201974,570.005106913,10.000000000
1,3.614000000,10.976095321,572.070832545,10.000000000
1,3.614000000,10.982988669,574.136560504,10.000000000
1,3.614000000,10.989882017,576.202290767,10.000000000
1,3.614000000,10.996775364,578.268023306,10.000000000
1,3.614000000,11.003668712,580.333758099,10.000000000
1,3.614000000,11.010562060,582.399495122,10.000000000
1,3.614000000,11.017455407,584.465234350,10.000000000
1,3.614000000,11.024348755,586.530975761,10.000000000
1,3.614000000,11.031242103,588.596719331,10.000000000
1,3.614000000,11.038135450,590.662465038,10.000000000
1,3.614000000,11.045028798,592.728212859,10.000000000
1,3.614000000,11.051922146,594.793962773,10.000000000
1,3.614000000,11.058815494,596.859714758,10.000000000
1,3.614000000,11.065708841,598.925468791,10.000000000
1,3.614000000,11.072602189,600.991224853,10.000000000
1,3.614000000,11.079495537,603.056982923,10.000000000
1,3.614000000,11.086388884,605.122742979,10.000000000
1,3.614000000,11.093282232,607.188505001,10.000000000
1,3.614000000,11.100175580,609.254268970,10.000000000
1,3.614000000,11.107068927,611.320034866,10.000000000
1,3.614000000,11.113962275,613.385802669,10.000000000
1,3.614000000,11.120855623,615.451572360,10.000000000
1,3.614000000,11.127748970,617.517343920,10.000000000
1,3.614000000,11.134642318,619.583117331,10.000000000
1,3.614000000,11.141535666,621.648892573,10.000000000
1,3.614000000,11.148429013,623.714669630,10.000000000
1,3.614000000,11.155322361,625.780448482,10.000000000
1,3.614000000,11.162215709,627.846229112,10.000000000
1,3.614000000,11.169109056,629.912011503,10.000000000
1,3.614000000,11.176002404,631.977795637,10.000000000
1,3.614000000,11.182895752,634.043581497,10.000000000
1,3.614000000,11.189789099,636.109369067,10.000000000
1,3.614000000,11.196682447,638.175158330,10.000000000
1,3.614000000,11.203575795,640.240949269,10.000000000
1,3.614000000,11.210469142,642.306741869,10.000000000
1,3.614000000,11.217362490,644.372536113,10.000000000
1,3.614000000,11.224255838,646.438331985,10.000000000
1,3.614000000,11.231149186,648.504129471,10.000000000
1,3.614000000,11.238042533,650.569928554,10.000000000
1,3.614000000,11.244935881,652.635729220,10.000000000
1,3.614000000,11.251829229,654.701531453,10.000000000
1,3.614000000,11.258722576,656.767335238,10.000000000
1,3.614000000,11.265615924,658.833140562,10.000000000
1,3.614000000,11.272509272,660.898947410,10.000000000
1,3.614000000,11.279402619,662.964755767,10.000000000
1,3.614000000,11.286295967,665.030565619,10.000000000
1,3.614000000,11.293189315,667.096376953,10.000000000
1,3.614000000,11.300082662,669.162189755,10.000000000
1,3.614000000,11.306976010,671.228004010,10.000000000
1,3.614000000,11.313869358,673.293819707,10.000000000
1,3.614000000,11.320762705,675.359636831,10.000000000
1,3.614000000,11.327656053,677.425455370,10.000000000
1,3.614000000,11.334549401,679.491275310,10.000000000
1,3.614000000,11.341442748,681.557096639,10.000000000
1,3.614000000,11.348336096,683.622919345,10.000000000
1,3.614000000,11.355229444,685.688743414,10.000000000
1,3.614000000,11.362122791,687.754568835,10.000000000
1,3.614000000,11.369016139,689.820395595,10.000000000
1,3.614000000,11.375909487,691.886223683,10.000000000
1,3.614000000,11.382802834,693.952053086,10.000000000
1,3.614000000,11.389696182,696.017883794,10.000000000
1,3.614000000,11.396589530,698.083715793,10.000000000
1,3.614000000,11.403482877,700.149549073,10.000000000
1,3.614000000,11.410376225,702.215383623,10.000000000
1,3.614000000,11.417269573,704.281219431,10.000000000
1,3.614000000,11.424162921,706.347056487,10.000000000
1,3.614000000,11.431056268,708.412894779,10.000000000
1,3.614000000,11.437949616,710.478734296,10.000000000
1,3.614000000,11.444842964,712.544575029,10.000000000
1,3.614000000,11.451736311,714.610416966,10.000000000
1,3.614000000,11.458629659,716.676260097,10.000000000
1,3.614000000,11.465523007,718.742104411,10.000000000
1,3.614000000,11.472416354,720.807949900,10.000000000
1,3.614000000,11.479309702,722.873796551,10.000000000
1,3.614000000,11.486203050,724.939644357,10.000000000
1,3.614000000,11.493096397,727.005493306,10.000000000
1,3.614000000,11.499989745,729.071343388,10.000000000
1,3.614000000,11.506883093,731.137194596,10.000000000
1,3.614000000,11.513776440,733.203046918,10.000000000
1,3.614000000,11.520669788,735.268900345,10.000000000
1,3.614000000,11.527563136,737.334754869,10.000000000
1,3.614000000,11.534456483,739.400610480,10.000000000
1,3.614000000,11.541349831,741.466467169,10.000000000
1,3.614000000,11.548243179,743.532324926,10.000000000
1,3.614000000,11.555136526,745.598183744,10.000000000
1,3.614000000,11.562029874,747.664043612,10.000000000
1,3.614000000,11.568923222,749.729904524,10.000000000
1,3.614000000,11.575816569,751.795766469,10.000000000
1,3.614000000,11.582709917,753.861629440,10.000000000
1,3.614000000,11.589603265,755.927493428,10.000000000
1,3.614000000,11.596496613,757.993358424,10.000000000
1,3.614000000,11.603389960,760.059224421,10.000000000
1,3.614000000,11.610283308,762.125091411,10.000000000
1,3.614000000,11.617176656,764.190959385,10.000000000
1,3.614000000,11.624070003,766.256828335,10.000000000
1,3.614000000,11.630963351,768.322698253,10.000000000
1,3.614000000,11.637856699,770.388569133,10.000000000
1,3.614000000,11.644750046,772.454440965,10.000000000
1,3.614000000,11.651643394,774.520313743,10.000000000
1,3.614000000,11.658536742,776.586187458,10.000000000
1,3.614000000,11.665430089,778.652062104,10.000000000
1,3.614000000,11.672323437,780.717937673,10.000000000
1,3.614000000,11.679216785,782.783814157,10.000000000
1,3.614000000,11.686110132,784.849691550,10.000000000
1,3.614000000,11.693003480,786.915569844,10.000000000
1,3.614000000,11.699896828,788.981449033,10.000000000
1,3.614000000,11.706790175,791.047329108,10.000000000
1,3.614000000,11.713683523,793.113210064,10.000000000
1,3.614000000,11.720576871,795.179091893,10.000000000
1,3.614000000,11.727470218,797.244974589,10.000000000
1,3.614000000,11.734363566,799.310858145,10.000000000
1,3.614000000,11.741256914,801.376742554,10.000000000
1,3.614000000,11.748150261,803.442627809,10.000000000
1,3.614000000,11.755043609,805.508513905,10.000000000
1,3.614000000,11.761936957,807.574400834,10.000000000
1,3.614000000,11.768830304,809.640288591,10.000000000
1,3.614000000,11.775723652,811.706177169,10.000000000
1,3.614000000,11.782617000,813.772066561,10.000000000
1,3.614000000,11.789510348,815.837956762,10.000000000
1,3.614000000,11.796403695,817.903847766,10.000000000
1,3.614000000,11.803297043,819.969739566,10.000000000
1,3.614000000,11.810190391,822.035632156,10.000000000
1,3.614000000,11.817083738,824.101525530,10.000000000
1,3.614000000,11.823977086,826.167419683,10.000000000
1,3.614000000,11.830870434,828.233314609,10.000000000
1,3.614000000,11.837763781,830.299210302,10.000000000
1,3.614000000,11.844657129,832.365106756,10.000000000
1,3.614000000,11.851550477,834.431003965,10.000000000
1,3.614000000,11.858443824,836.496901925,10.000000000
1,3.614000000,11.865337172,838.562800629,10.000000000
1,3.614000000,11.872230520,840.628700072,10.000000000
1,3.614000000,11.879123867,842.694600248,10.000000000
1,3.614000000,11.886017215,844.760501152,10.000000000
1,3.614000000,11.892910563,846.826402780,10.000000000
1,3.614000000,11.899803910,848.892305125,10.000000000
1,3.614000000,11.906697258,850.958208182,10.000000000
1,3.614000000,11.913590606,853.024111946,10.000000000
1,3.614000000,11.920483953,855.090016412,10.000000000
1,3.614000000,11.927377301,857.155921575,10.000000000
1,3.614000000,11.934270649,859.221827430,10.000000000
1,3.614000000,11.941163996,861.287733972,10.000000000
1,3.614000000,11.948057344,863.353641196,10.000000000
1,3.614000000,11.954950692,865.419549097,10.000000000
1,3.614000000,11.961844040,867.485457670,10.000000000
1,3.614000000,11.968737387,869.551366911,10.000000000
1,3.614000000,11.975630735,871.617276814,10.000000000
1,3.614000000,11.982524083,873.683187376,10.000000000
1,3.614000000,11.989417430,875.749098591,10.000000000
1,3.614000000,11.996310778,877.815010454,10.000000000
1,3.614000000,12.003204126,879.880922962,10.000000000
1,3.614000000,12.010097473,881.946836109,10.000000000
1,3.614000000,12.016990821,884.012749892,10.000000000
1,3.614000000,12.023884169,886.078664305,10.000000000
1,3.614000000,12.030777516,888.144579345,10.000000000
1,3.614000000,12.037670864,890.210495007,10.000000000
1,3.614000000,12.044564212,892.276411286,10.000000000
1,3.614000000,12.051457559,894.342328178,10.000000000
1,3.614000000,12.058350907,896.408245680,10.000000000
1,3.614000000,12.065244255,898.474163787,10.000000000
1,3.614000000,12.072137602,900.540082494,10.000000000
1,3.614000000,12.079030950,902.606001798,10.000000000
1,3.614000000,12.085924298,904.671921695,10.000000000
1,3.614000000,12.092817645,906.737842180,10.000000000
1,3.614000000,12.099710993,908.803763249,10.000000000
1,3.614000000,12.106604341,910.869684899,10.000000000
1,3.614000000,12.113497688,912.935607126,10.000000000
1,3.614000000,12.120391036,915.001529925,10.000000000
1,3.614000000,12.127284384,917.067453293,10.000000000
1,3.614000000,12.134177731,919.133377226,10.000000000
1,3.614000000,12.141071079,921.199301720,10.000000000
1,3.614000000,12.147964427,923.265226772,10.000000000
1,3.614000000,12.154857775,925.331152377,10.000000000
1,3.614000000,12.161751122,927.397078532,10.000000000
1,3.614000000,12.168644470,929.463005234,10.000000000
1,3.614000000,12.175537818,931.528932478,10.000000000
1,3.614000000,12.182431165,933.594860261,10.000000000
1,3.614000000,12.189324513,935.660788580,10.000000000
1,3.614000000,12.196217861,937.726717430,10.000000000
1,3.614000000,12.203111208,939.792646809,10.000000000
1,3.614000000,12.210004556,941.858576713,10.000000000
1,3.614000000,12.216897904,943.924507138,10.000000000
1,3.614000000,12.223791251,945.990438082,10.000000000
1,3.614000000,12.230684599,948.056369540,10.000000000
1,3.614000000,12.237577947,950.122301510,10.000000000
1,3.614000000,12.244471294,952.188233987,10.000000000
1,3.614000000,12.251364642,954.254166970,10.000000000
1,3.614000000,12.258257990,956.320100453,10.000000000
1,3.614000000,12.265151337,958.386034435,10.000000000
1,3.614000000,12.272044685,960.451968912,10.000000000
1,3.614000000,12.278938033,962.517903881,10.000000000
1,3.614000000,12.285831380,964.583839338,10.000000000
1,3.614000000,12.292724728,966.649775281,10.000000000
1,3.614000000,12.299618076,968.715711706,10.000000000
1,3.614000000,12.306511423,970.781648611,10.000000000
1,3.614000000,12.313404771,972.847585992,10.000000000
1,3.614000000,12.320298119,974.913523846,10.000000000
1,3.614000000,12.327191466,976.979462170,10.000000000
1,3.614000000,12.334084814,979.045400962,10.000000000
1,3.614000000,12.340978162,981.111340218,10.000000000
1,3.614000000,12.347871510,983.177279935,10.000000000
1,3.614000000,12.354764857,985.243220111,10.000000000
1,3.614000000,12.361658205,987.309160742,10.000000000
1,3.614000000,12.368551553,989.375101826,10.000000000
1,3.614000000,12.375444900,991.441043360,10.000000000
1,3.614000000,12.382338248,993.506985341,10.000000000
1,3.614000000,12.389231596,995.572927767,10.000000000
1,3.614000000,12.396124943,997.638870634,10.000000000
1,3.614000000,12.403018291,999.704813940,10.000000000
1,3.614000000,12.409911639,1001.770757682,10.000000000
1,3.614000000,12.416804986,1003.836701857,10.000000000
1,3.614000000,12.423698334,1005.902646463,10.000000000
1,3.614000000,12.430591682,1007.968591498,10.000000000
1,3.614000000,12.437485029,1010.034536957,10.000000000
1,3.614000000,12.444378377,1012.100482840,10.000000000
1,3.614000000,12.451271725,1014.166429143,10.000000000
1,3.614000000,12.458165072,1016.232375863,10.000000000
1,3.614000000,12.465058420,1018.298322999,10.000000000
1,3.614000000,12.471951768,1020.364270548,10.000000000
1,3.614000000,12.478845115,1022.430218506,10.000000000
1,3.614000000,12.485738463,1024.496166873,10.000000000
1,3.614000000,12.492631811,1026.562115644,10.000000000
1,3.614000000,12.499525158,1028.628064818,10.000000000
1,3.614000000,12.506418506,1030.694014393,10.000000000
1,3.614000000,12.513311854,1032.759964366,10.000000000
1,3.614000000,12.520205202,1034.825914734,10.000000000
1,3.614000000,12.527098549,1036.891865495,10.000000000
1,3.614000000,12.533991897,1038.957816647,10.000000000
1,3.614000000,12.540885245,1041.023768188,10.000000000
1,3.614000000,12.547778592,1043.089720115,10.000000000
1,3.614000000,12.554671940,1045.155672426,10.000000000
1,3.614000000,12.561565288,1047.221625118,10.000000000
1,3.614000000,12.568458635,1049.287578190,10.000000000
1,3.614000000,12.575351983,1051.353531639,10.000000000
1,3.614000000,12.582245331,1053.419485463,10.000000000
1,3.614000000,12.589138678,1055.485439660,10.000000000
1,3.614000000,12.596032026,1057.551394227,10.000000000
1,3.614000000,12.602925374,1059.617349163,10.000000000
1,3.614000000,12.609818721,1061.683304465,10.000000000
1,3.614000000,12.616712069,1063.749260131,10.000000000
1,3.614000000,12.623605417,1065.815216159,10.000000000
1,3.614000000,12.630498764,1067.881172547,10.000000000
1,3.614000000,12.637392112,1069.947129293,10.000000000
1,3.614000000,12.644285460,1072.013086394,10.000000000
1,3.614000000,12.651178807,1074.079043849,10.000000000
1,3.614000000,12.658072155,1076.145001656,10.000000000
1,3.614000000,12.664965503,1078.210959813,10.000000000
1,3.614000000,12.671858850,1080.276918317,10.000000000
1,3.614000000,12.678752198,1082.342877166,10.000000000
1,3.614000000,12.685645546,1084.408836360,10.000000000
1,3.614000000,12.692538893,1086.474795895,10.000000000
1,3.614000000,12.699432241,1088.540755770,10.000000000
1,3.614000000,12.706325589,1090.606715982,10.000000000
1,3.614000000,12.713218937,1092.672676531,10.000000000
1,3.614000000,12.720112284,1094.738637413,10.000000000
1,3.614000000,12.727005632,1096.804598628,10.000000000
1,3.614000000,12.733898980,1098.870560173,10.000000000
1,3.614000000,12.740792327,1100.936522046,10.000000000
1,3.614000000,12.747685675,1103.002484246,10.000000000
1,3.614000000,12.754579023,1105.068446770,10.000000000
1,3.614000000,12.761472370,1107.134409618,10.000000000
1,3.614000000,12.768365718,1109.200372786,10.000000000
1,3.614000000,12.775259066,1111.266336274,10.000000000
1,3.614000000,12.782152413,1113.332300079,10.000000000
1,3.614000000,12.789045761,1115.398264200,10.000000000
1,3.614000000,12.795939109,1117.464228635,10.000000000
1,3.614000000,12.802832456,1119.530193382,10.000000000
1,3.614000000,12.809725804,1121.596158440,10.000000000
1,3.614000000,12.816619152,1123.662123806,10.000000000
1,3.614000000,12.823512499,1125.728089480,10.000000000
1,3.614000000,12.830405847,1127.794055459,10.000000000
1,3.614000000,12.837299195,1129.860021742,10.000000000
1,3.614000000,12.844192542,1131.925988327,10.000000000
1,3.614000000,12.851085890,1133.991955213,10.000000000
1,3.614000000,12.857979238,1136.057922397,10.000000000
1,3.614000000,12.864872585,1138.123889878,10.000000000
1,3.614000000,12.871765933,1140.189857655,10.000000000
1,3.614000000,12.878659281,1142.255825726,10.000000000
1,3.614000000,12.885552629,1144.321794090,10.000000000
1,3.614000000,12.892445976,1146.387762744,10.000000000
1,3.614000000,12.899339324,1148.453731687,10.000000000
1,3.614000000,12.906232672,1150.519700918,10.000000000
1,3.614000000,12.913126019,1152.585670435,10.000000000
1,3.614000000,12.920019367,1154.651640237,10.000000000
1,3.614000000,12.926912715,1156.717610321,10.000000000
1,3.614000000,12.933806062,1158.783580687,10.000000000
1,3.614000000,12.940699410,1160.849551334,10.000000000
1,3.614000000,12.947592758,1162.915522258,10.000000000
1,3.614000000,12.954486105,1164.981493460,10.000000000
1,3.614000000,12.961379453,1167.047464938,10.000000000
1,3.614000000,12.968272801,1169.113436689,10.000000000
1,3.614000000,12.975166148,1171.179408714,10.000000000
1,3.614000000,12.982059496,1173.245381009,10.000000000
1,3.614000000,12.988952844,1175.311353574,10.000000000
1,3.614000000,12.995846191,1177.377326408,10.000000000
1,3.614000000,13.002739539,1179.443299509,10.000000000
1,3.614000000,13.009632887,1181.509272875,10.000000000
1,3.614000000,13.016526234,1183.575246505,10.000000000
1,3.614000000,13.023419582,1185.641220398,10.000000000
1,3.614000000,13.030312930,1187.707194553,10.000000000
1,3.614000000,13.037206277,1189.773168968,10.000000000
1,3.614000000,13.044099625,1191.839143641,10.000000000
1,3.614000000,13.050992973,1193.905118572,10.000000000
1,3.614000000,13.057886320,1195.971093759,10.000000000
1,3.614000000,13.064779668,1198.037069200,10.000000000
1,3.614000000,13.071673016,1200.103044895,10.000000000
1,3.614000000,13.078566364,1202.169020842,10.000000000
1,3.614000000,13.085459711,1204.234997040,10.000000000
1,3.614000000,13.092353059,1206.300973487,10.000000000
1,3.614000000,13.099246407,1208.366950183,10.000000000
1,3.614000000,13.106139754,1210.432927125,10.000000000
1,3.614000000,13.113033102,1212.498904313,10.000000000
1,3.614000000,13.119926450,1214.564881746,10.000000000
1,3.614000000,13.126819797,1216.630859422,10.000000000
1,3.614000000,13.133713145,1218.696837340,10.000000000
1,3.614000000,13.140606493,1220.762815498,10.000000000
1,3.614000000,13.147499840,1222.828793896,10.000000000
1,3.614000000,13.154393188,1224.894772532,10.000000000
1,3.614000000,13.161286536,1226.960751406,10.000000000
1,3.614000000,13.168179883,1229.026730515,10.000000000
1,3.614000000,13.175073231,1231.092709859,10.000000000
1,3.614000000,13.181966579,1233.158689437,10.000000000
1,3.614000000,13.188859926,1235.224669247,10.000000000
1,3.614000000,13.195753274,1237.290649288,10.000000000
1,3.614000000,13.202646622,1239.356629559,10.000000000
1,3.614000000,13.209539969,1241.422610059,10.000000000
1,3.614000000,13.216433317,1243.488590787,10.000000000
1,3.614000000,13.223326665,1245.554571741,10.000000000
1,3.614000000,13.230220012,1247.620552921,10.000000000
1,3.614000000,13.237113360,1249.686534325,10.000000000
1,3.614000000,13.244006708,1251.752515953,10.000000000
1,3.614000000,13.250900056,1253.818497802,10.000000000
1,3.614000000,13.257793403,1255.884479873,10.000000000
1,3.614000000,13.264686751,1257.950462164,10.000000000
2,9.039000000,3.614000000,29.499188609,10.000000000
2,9.039000000,3.620893348,29.470854288,10.000000000
2,9.039000000,3.627786695,29.442517554,10.000000000
2,9.039000000,3.634680043,29.414178408,10.000000000
2,9.039000000,3.641573391,29.385836852,10.000000000
2,9.039000000,3.648466738,29.357492885,10.000000000
2,9.039000000,3.655360086,29.329146510,10.000000000
2,9.039000000,3.662253434,29.300797726,10.000000000
2,9.039000000,3.669146781,29.272446534,10.000000000
2,9.039000000,3.676040129,29.244092935,10.000000000
2,9.039000000,3.682933477,29.215736930,10.000000000
2,9.039000000,3.689826824,29.187378519,10.000000000
2,9.039000000,3.696720172,29.159017704,10.000000000
2,9.039000000,3.703613520,29.130654485,10.000000000
2,9.039000000,3.710506868,29.102288863,10.000000000
2,9.039000000,3.717400215,29.073920840,10.000000000
2,9.039000000,3.724293563,29.045550414,10.000000000
2,9.039000000,3.731186911,29.017177589,10.000000000
2,9.039000000,3.738080258,28.988802363,10.000000000
2,9.039000000,3.744973606,28.960424739,10.000000000
2,9.039000000,3.751866954,28.932044717,10.000000000
2,9.039000000,3.758760301,28.903662299,10.000000000
2,9.039000000,3.765653649,28.875277484,10.000000000
2,9.039000000,3.772546997,28.846890273,10.000000000
2,9.039000000,3.779440344,28.818500669,10.000000000
2,9.039000000,3.786333692,28.790108671,10.000000000
2,9.039000000,3.793227040,28.761714281,10.000000000
2,9.039000000,3.800120387,28.733317499,10.000000000
2,9.039000000,3.807013735,28.704918326,10.000000000
2,9.039000000,3.813907083,28.676516764,10.000000000
2,9.039000000,3.820800430,28.648112813,10.000000000
2,9.039000000,3.827693778,28.619706474,10.000000000
2,9.039000000,3.834587126,28.591297748,10.000000000
2,9.039000000,3.841480473,28.562886637,10.000000000
2,9.039000000,3.848373821,28.534473141,10.000000000
2,9.039000000,3.855267169,28.506057260,10.000000000
2,9.039000000,3.862160516,28.477638997,10.000000000
2,9.039000000,3.869053864,28.449218353,10.000000000
2,9.039000000,3.875947212,28.420795327,10.000000000
2,9.039000000,3.882840559,28.392369922,10.000000000
2,9.039000000,3.889733907,28.363942138,10.000000000
2,9.039000000,3.896627255,28.335511976,10.000000000
2,9.039000000,3.903520603,28.307079437,10.000000000
2,9.039000000,3.910413950,28.278644523,10.000000000
2,9.039000000,3.917307298,28.250207235,10.000000000
2,9.039000000,3.924200646,28.221767573,10.000000000
2,9.039000000,3.931093993,28.193325539,10.000000000
2,9.039000000,3.937987341,28.164881133,10.000000000
2,9.039000000,3.944880689,28.136434358,10.000000000
2,9.039000000,3.951774036,28.107985213,10.000000000
2,9.039000000,3.958667384,28.079533701,10.000000000
2,9.039000000,3.965560732,28.051079822,10.000000000
2,9.039000000,3.972454079,28.022623578,10.000000000
2,9.039000000,3.979347427,27.994164969,10.000000000
2,9.039000000,3.986240775,27.965703997,10.000000000
2,9.039000000,3.993134122,27.937240663,10.000000000
2,9.039000000,4.000027470,27.908774968,10.000000000
2,9.039000000,4.006920818,27.880306914,10.000000000
2,9.039000000,4.013814165,27.851836501,10.000000000
2,9.039000000,4.020707513,27.823363785,10.000000000
2,9.039000000,4.027600861,27.794888726,10.000000000
2,9.039000000,4.034494208,27.766411311,10.000000000
2,9.039000000,4.041387556,27.737931544,10.000000000
2,9.039000000,4.048280904,27.709449425,10.000000000
2,9.039000000,4.055174251,27.680964954,10.000000000
2,9.039000000,4.062067599,27.652478134,10.000000000
2,9.039000000,4.068960947,27.623988966,10.000000000
2,9.039000000,4.075854295,27.595497451,10.000000000
2,9.039000000,4.082747642,27.567003591,10.000000000
2,9.039000000,4.089640990,27.538507386,10.000000000
2,9.039000000,4.096534338,27.510008838,10.000000000
2,9.039000000,4.103427685,27.481507949,10.000000000
2,9.039000000,4.110321033,27.453004719,10.000000000
2,9.039000000,4.117214381,27.424499151,10.000000000
2,9.039000000,4.124107728,27.395991245,10.000000000
2,9.039000000,4.131001076,27.367481003,10.000000000
2,9.039000000,4.137894424,27.338968426,10.000000000
2,9.039000000,4.144787771,27.310453516,10.000000000
2,9.039000000,4.151681119,27.281936274,10.000000000
2,9.039000000,4.158574467,27.253416702,10.000000000
2,9.039000000,4.165467814,27.224894801,10.000000000
2,9.039000000,4.172361162,27.196370572,10.000000000
2,9.039000000,4.179254510,27.167844017,10.000000000
2,9.039000000,4.186147857,27.139315138,10.000000000
2,9.039000000,4.193041205,27.110783936,10.000000000
2,9.039000000,4.199934553,27.082250412,10.000000000
2,9.039000000,4.206827900,27.053714568,10.000000000
2,9.039000000,4.213721248,27.025176406,10.000000000
2,9.039000000,4.220614596,26.996635927,10.000000000
2,9.039000000,4.227507943,26.968093132,10.000000000
2,9.039000000,4.234401291,26.939548024,10.000000000
2,9.039000000,4.241294639,26.911000603,10.000000000
2,9.039000000,4.248187986,26.882450872,10.000000000
2,9.039000000,4.255081334,26.853898831,10.000000000
2,9.039000000,4.261974682,26.825344484,10.000000000
2,9.039000000,4.268868030,26.796787830,10.000000000
2,9.039000000,4.275761377,26.768228872,10.000000000
2,9.039000000,4.282654725,26.739667612,10.000000000
2,9.039000000,4.289548073,26.711104051,10.000000000
2,9.039000000,4.296441420,26.682538191,10.000000000
2,9.039000000,4.303334768,26.653970033,10.000000000
2,9.039000000,4.310228116,26.625399579,10.000000000
2,9.039000000,4.317121463,26.596826832,10.000000000
2,9.039000000,4.324014811,26.568251792,10.000000000
2,9.039000000,4.330908159,26.539674461,10.000000000
2,9.039000000,4.337801506,26.511094842,10.000000000
2,9.039000000,4.344694854,26.482512936,10.000000000
2,9.039000000,4.351588202,26.453928744,10.000000000
2,9.039000000,4.358481549,26.425342269,10.000000000
2,9.039000000,4.365374897,26.396753512,10.000000000
2,9.039000000,4.372268245,26.368162476,10.000000000
2,9.039000000,4.379161592,26.339569161,10.000000000
2,9.039000000,4.386054940,26.310973570,10.000000000
2,9.039000000,4.392948288,26.282375705,10.000000000
2,9.039000000,4.399841635,26.253775568,10.000000000
2,9.039000000,4.406734983,26.225173160,10.000000000
2,9.039000000,4.413628331,26.196568483,10.000000000
2,9.039000000,4.420521678,26.167961540,10.000000000
2,9.039000000,4.427415026,26.139352332,10.000000000
2,9.039000000,4.434308374,26.110740861,10.000000000
2,9.039000000,4.441201722,26.082127130,10.000000000
2,9.039000000,4.448095069,26.053511139,10.000000000
2,9.039000000,4.454988417,26.024892892,10.000000000
2,9.039000000,4.461881765,25.996272390,10.000000000
2,9.039000000,4.468775112,25.967649635,10.000000000
2,9.039000000,4.475668460,25.939024629,10.000000000
2,9.039000000,4.482561808,25.910397374,10.000000000
2,9.039000000,4.489455155,25.881767873,10.000000000
2,9.039000000,4.496348503,25.853136127,10.000000000
2,9.039000000,4.503241851,25.824502139,10.000000000
2,9.039000000,4.510135198,25.795865910,10.000000000
2,9.039000000,4.517028546,25.767227443,10.000000000
2,9.039000000,4.523921894,25.738586739,10.000000000
2,9.039000000,4.530815241,25.709943802,10.000000000
2,9.039000000,4.537708589,25.681298633,10.000000000
2,9.039000000,4.544601937,25.652651235,10.000000000
2,9.039000000,4.551495284,25.624001609,10.000000000
2,9.039000000,4.558388632,25.595349758,10.000000000
2,9.039000000,4.565281980,25.566695684,10.000000000
2,9.039000000,4.572175327,25.538039389,10.000000000
2,9.039000000,4.579068675,25.509380876,10.000000000
2,9.039000000,4.585962023,25.480720146,10.000000000
2,9.039000000,4.592855370,25.452057203,10.000000000
2,9.039000000,4.599748718,25.423392048,10.000000000
2,9.039000000,4.606642066,25.394724685,10.000000000
2,9.039000000,4.613535413,25.366055114,10.000000000
2,9.039000000,4.620428761,25.337383339,10.000000000
2,9.039000000,4.627322109,25.308709362,10.000000000
2,9.039000000,4.634215457,25.280033185,10.000000000
2,9.039000000,4.641108804,25.251354811,10.000000000
2,9.039000000,4.648002152,25.222674242,10.000000000
2,9.039000000,4.654895500,25.193991481,10.000000000
2,9.039000000,4.661788847,25.165306529,10.000000000
2,9.039000000,4.668682195,25.136619391,10.000000000
2,9.039000000,4.675575543,25.107930067,10.000000000
2,9.039000000,4.682468890,25.079238562,10.000000000
2,9.039000000,4.689362238,25.050544876,10.000000000
2,9.039000000,4.696255586,25.021849013,10.000000000
2,9.039000000,4.703148933,24.993150976,10.000000000
2,9.039000000,4.710042281,24.964450766,10.000000000
2,9.039000000,4.716935629,24.935748387,10.000000000
2,9.039000000,4.723828976,24.907043841,10.000000000
2,9.039000000,4.730722324,24.878337131,10.000000000
2,9.039000000,4.737615672,24.849628260,10.000000000
2,9.039000000,4.744509019,24.820917229,10.000000000
2,9.039000000,4.751402367,24.792204043,10.000000000
2,9.039000000,4.758295715,24.763488703,10.000000000
2,9.039000000,4.765189062,24.734771212,10.000000000
2,9.039000000,4.772082410,24.706051574,10.000000000
2,9.039000000,4.778975758,24.677329791,10.000000000
2,9.039000000,4.785869105,24.648605865,10.000000000
2,9.039000000,4.792762453,24.619879800,10.000000000
2,9.039000000,4.799655801,24.591151598,10.000000000
2,9.039000000,4.806549149,24.562421262,10.000000000
2,9.039000000,4.813442496,24.533688796,10.000000000
2,9.039000000,4.820335844,24.504954202,10.000000000
2,9.039000000,4.827229192,24.476217482,10.000000000
2,9.039000000,4.834122539,24.447478641,10.000000000
2,9.039000000,4.841015887,24.418737680,10.000000000
2,9.039000000,4.847909235,24.389994603,10.000000000
2,9.039000000,4.854802582,24.361249463,10.000000000
2,9.039000000,4.861695930,24.332502253,10.000000000
2,9.039000000,4.868589278,24.303752935,10.000000000
2,9.039000000,4.875482625,24.275001513,10.000000000
2,9.039000000,4.882375973,24.246247991,10.000000000
2,9.039000000,4.889269321,24.217492371,10.000000000
2,9.039000000,4.896162668,24.188734656,10.000000000
2,9.039000000,4.903056016,24.159974850,10.000000000
2,9.039000000,4.909949364,24.131212956,10.000000000
2,9.039000000,4.916842711,24.102448977,10.000000000
2,9.039000000,4.923736059,24.073682916,10.000000000
2,9.039000000,4.930629407,24.044914777,10.000000000
2,9.039000000,4.937522754,24.016144562,10.000000000
2,9.039000000,4.944416102,23.987372275,10.000000000
2,9.039000000,4.951309450,23.958597920,10.000000000
2,9.039000000,4.958202797,23.929821499,10.000000000
2,9.039000000,4.965096145,23.901043017,10.000000000
2,9.039000000,4.971989493,23.872262475,10.000000000
2,9.039000000,4.978882840,23.843479879,10.000000000
2,9.039000000,4.985776188,23.814695231,10.000000000
2,9.039000000,4.992669536,23.785908534,10.000000000
2,9.039000000,4.999562884,23.757119793,10.000000000
2,9.039000000,5.006456231,23.728329010,10.000000000
2,9.039000000,5.013349579,23.699536189,10.000000000
2,9.039000000,5.020242927,23.670741334,10.000000000
2,9.039000000,5.027136274,23.641944449,10.000000000
2,9.039000000,5.034029622,23.613145536,10.000000000
2,9.039000000,5.040922970,23.584344599,10.000000000
2,9.039000000,5.047816317,23.555541643,10.000000000
2,9.039000000,5.054709665,23.526736671,10.000000000
2,9.039000000,5.061603013,23.497929686,10.000000000
2,9.039000000,5.068496360,23.469120693,10.000000000
2,9.039000000,5.075389708,23.440309694,10.000000000
2,9.039000000,5.082283056,23.411496694,10.000000000
2,9.039000000,5.089176403,23.382681696,10.000000000
2,9.039000000,5.096069751,23.353864705,10.000000000
2,9.039000000,5.102963099,23.325045725,10.000000000
2,9.039000000,5.109856446,23.296224758,10.000000000
2,9.039000000,5.116749794,23.267401809,10.000000000
2,9.039000000,5.123643142,23.238576882,10.000000000
2,9.039000000,5.130536489,23.209749981,10.000000000
2,9.039000000,5.137429837,23.180921110,10.000000000
2,9.039000000,5.144323185,23.152090272,10.000000000
2,9.039000000,5.151216532,23.123257473,10.000000000
2,9.039000000,5.158109880,23.094422715,10.000000000
2,9.039000000,5.165003228,23.065586003,10.000000000
2,9.039000000,5.171896575,23.036747342,10.000000000
2,9.039000000,5.178789923,23.007906735,10.000000000
2,9.039000000,5.185683271,22.979064186,10.000000000
2,9.039000000,5.192576619,22.950219700,10.000000000
2,9.039000000,5.199469966,22.921373280,10.000000000
2,9.039000000,5.206363314,22.892524932,10.000000000
2,9.039000000,5.213256662,22.863674660,10.000000000
2,9.039000000,5.220150009,22.834822467,10.000000000
2,9.039000000,5.227043357,22.805968358,10.000000000
2,9.039000000,5.233936705,22.777112338,10.000000000
2,9.039000000,5.240830052,22.748254410,10.000000000
2,9.039000000,5.247723400,22.719394580,10.000000000
2,9.039000000,5.254616748,22.690532852,10.000000000
2,9.039000000,5.261510095,22.661669230,10.000000000
2,9.039000000,5.268403443,22.632803719,10.000000000
2,9.039000000,5.275296791,22.603936323,10.000000000
2,9.039000000,5.282190138,22.575067047,10.000000000
2,9.039000000,5.289083486,22.546195896,10.000000000
2,9.039000000,5.295976834,22.517322874,10.000000000
2,9.039000000,5.302870181,22.488447985,10.000000000
2,9.039000000,5.309763529,22.459571236,10.000000000
2,9.039000000,5.316656877,22.430692630,10.000000000
2,9.039000000,5.323550224,22.401812172,10.000000000
2,9.039000000,5.330443572,22.372929867,10.000000000
2,9.039000000,5.337336920,22.344045719,10.000000000
2,9.039000000,5.344230267,22.315159735,10.000000000
2,9.039000000,5.351123615,22.286271918,10.000000000
2,9.039000000,5.358016963,22.257382273,10.000000000
2,9.039000000,5.364910311,22.228490806,10.000000000
2,9.039000000,5.371803658,22.199597522,10.000000000
2,9.039000000,5.378697006,22.170702425,10.000000000
2,9.039000000,5.385590354,22.141805521,10.000000000
2,9.039000000,5.392483701,22.112906815,10.000000000
2,9.039000000,5.399377049,22.084006311,10.000000000
2,9.039000000,5.406270397,22.055104016,10.000000000
2,9.039000000,5.413163744,22.026199934,10.000000000
2,9.039000000,5.420057092,21.997294070,10.000000000
2,9.039000000,5.426950440,21.968386431,10.000000000
2,9.039000000,5.433843787,21.939477059,10.000000000
2,9.039000000,5.440737135,21.910565994,10.000000000
2,9.039000000,5.447630483,21.881653169,10.000000000
2,9.039000000,5.454523830,21.852738589,10.000000000
2,9.039000000,5.461417178,21.823822261,10.000000000
2,9.039000000,5.468310526,21.794904189,10.000000000
2,9.039000000,5.475203873,21.765984379,10.000000000
2,9.039000000,5.482097221,21.737062836,10.000000000
2,9.039000000,5.488990569,21.708139567,10.000000000
2,9.039000000,5.495883916,21.679214577,10.000000000
2,9.039000000,5.502777264,21.650287871,10.000000000
2,9.039000000,5.509670612,21.621359456,10.000000000
2,9.039000000,5.516563959,21.592429337,10.000000000
2,9.039000000,5.523457307,21.563497520,10.000000000
2,9.039000000,5.530350655,21.534564011,10.000000000
2,9.039000000,5.537244002,21.505628815,10.000000000
2,9.039000000,5.544137350,21.476691939,10.000000000
2,9.039000000,5.551030698,21.447753389,10.000000000
2,9.039000000,5.557924046,21.418813170,10.000000000
2,9.039000000,5.564817393,21.389871289,10.000000000
2,9.039000000,5.571710741,21.360927752,10.000000000
2,9.039000000,5.578604089,21.331982565,10.000000000
2,9.039000000,5.585497436,21.303035734,10.000000000
2,9.039000000,5.592390784,21.274087265,10.000000000
2,9.039000000,5.599284132,21.245137165,10.000000000
2,9.039000000,5.606177479,21.216185440,10.000000000
2,9.039000000,5.613070827,21.187232096,10.000000000
2,9.039000000,5.619964175,21.158277140,10.000000000
2,9.039000000,5.626857522,21.129320578,10.000000000
2,9.039000000,5.633750870,21.100362416,10.000000000
2,9.039000000,5.640644218,21.071402662,10.000000000
2,9.039000000,5.647537565,21.042441322,10.000000000
2,9.039000000,5.654430913,21.013478401,10.000000000
2,9.039000000,5.661324261,20.984513908,10.000000000
2,9.039000000,5.668217608,20.955547849,10.000000000
2,9.039000000,5.675110956,20.926580229,10.000000000
2,9.039000000,5.682004304,20.897611058,10.000000000
2,9.039000000,5.688897651,20.868640340,10.000000000
2,9.039000000,5.695790999,20.839668083,10.000000000
2,9.039000000,5.702684347,20.810694295,10.000000000
2,9.039000000,5.709577694,20.781718981,10.000000000
2,9.039000000,5.716471042,20.752742149,10.000000000
2,9.039000000,5.723364390,20.723763806,10.000000000
2,9.039000000,5.730257738,20.694783960,10.000000000
2,9.039000000,5.737151085,20.665802616,10.000000000
2,9.039000000,5.744044433,20.636819784,10.000000000
2,9.039000000,5.750937781,20.607835469,10.000000000
2,9.039000000,5.757831128,20.578849680,10.000000000
2,9.039000000,5.764724476,20.549862423,10.000000000
2,9.039000000,5.771617824,20.520873706,10.000000000
2,9.039000000,5.778511171,20.491883537,10.000000000
2,9.039000000,5.785404519,20.462891923,10.000000000
2,9.039000000,5.792297867,20.433898872,10.000000000
2,9.039000000,5.799191214,20.404904391,10.000000000
2,9.039000000,5.806084562,20.375908488,10.000000000
2,9.039000000,5.812977910,20.346911170,10.000000000
2,9.039000000,5.819871257,20.317912446,10.000000000
2,9.039000000,5.826764605,20.288912324,10.000000000
2,9.039000000,5.833657953,20.259910811,10.000000000
2,9.039000000,5.840551300,20.230907915,10.000000000
2,9.039000000,5.847444648,20.201903645,10.000000000
2,9.039000000,5.854337996,20.172898008,10.000000000
2,9.039000000,5.861231343,20.143891012,10.000000000
2,9.039000000,5.868124691,20.114882685,10.000000000
2,9.039000000,5.875018039,20.085873128,10.000000000
2,9.039000000,5.881911386,20.056862238,10.000000000
2,9.039000000,5.888804734,20.027850023,10.000000000
2,9.039000000,5.895698082,19.998836491,10.000000000
2,9.039000000,5.902591429,19.969821650,10.000000000
2,9.039000000,5.909484777,19.940805510,10.000000000
2,9.039000000,5.916378125,19.911788079,10.000000000
2,9.039000000,5.923271473,19.882769365,10.000000000
2,9.039000000,5.930164820,19.853749377,10.000000000
2,9.039000000,5.937058168,19.824728124,10.000000000
2,9.039000000,5.943951516,19.795705615,10.000000000
2,9.039000000,5.950844863,19.766681859,10.000000000
2,9.039000000,5.957738211,19.737656864,10.000000000
2,9.039000000,5.964631559,19.708630640,10.000000000
2,9.039000000,5.971524906,19.679603196,10.000000000
2,9.039000000,5.978418254,19.650574540,10.000000000
2,9.039000000,5.985311602,19.621544683,10.000000000
2,9.039000000,5.992204949,19.592513633,10.000000000
2,9.039000000,5.999098297,19.563481400,10.000000000
2,9.039000000,6.005991645,19.534447993,10.000000000
2,9.039000000,6.012884992,19.505413422,10.000000000
2,9.039000000,6.019778340,19.476377695,10.000000000
2,9.039000000,6.026671688,19.447340824,10.000000000
2,9.039000000,6.033565035,19.418302817,10.000000000
2,9.039000000,6.040458383,19.389263684,10.000000000
2,9.039000000,6.047351731,19.360223435,10.000000000
2,9.039000000,6.054245078,19.331182080,10.000000000
2,9.039000000,6.061138426,19.302139629,10.000000000
2,9.039000000,6.068031774,19.273096092,10.000000000
2,9.039000000,6.074925121,19.244051478,10.000000000
2,9.039000000,6.081818469,19.215005799,10.000000000
2,9.039000000,6.088711817,19.185959064,10.000000000
2,9.039000000,6.095605165,19.156911283,10.000000000
2,9.039000000,6.102498512,19.127862468,10.000000000
2,9.039000000,6.109391860,19.098812628,10.000000000
2,9.039000000,6.116285208,19.069761774,10.000000000
2,9.039000000,6.123178555,19.040709917,10.000000000
2,9.039000000,6.130071903,19.011657067,10.000000000
2,9.039000000,6.136965251,18.982603235,10.000000000
2,9.039000000,6.143858598,18.953548432,10.000000000
2,9.039000000,6.150751946,18.924492668,10.000000000
2,9.039000000,6.157645294,18.895435956,10.000000000
2,9.039000000,6.164538641,18.866378305,10.000000000
2,9.039000000,6.171431989,18.837319727,10.000000000
2,9.039000000,6.178325337,18.808260233,10.000000000
2,9.039000000,6.185218684,18.779199835,10.000000000
2,9.039000000,6.192112032,18.750138544,10.000000000
2,9.039000000,6.199005380,18.721076370,10.000000000
2,9.039000000,6.205898727,18.692013327,10.000000000
2,9.039000000,6.212792075,18.662949484,10.000000000
2,9.039000000,6.219685423,18.633884888,10.000000000
2,9.039000000,6.226578770,18.604819456,10.000000000
2,9.039000000,6.233472118,18.575753202,10.000000000
2,9.039000000,6.240365466,18.546686137,10.000000000
2,9.039000000,6.247258813,18.517618272,10.000000000
2,9.039000000,6.254152161,18.488549621,10.000000000
2,9.039000000,6.261045509,18.459480196,10.000000000
2,9.039000000,6.267938856,18.430410008,10.000000000
2,9.039000000,6.274832204,18.401339070,10.000000000
2,9.039000000,6.281725552,18.372267395,10.000000000
2,9.039000000,6.288618900,18.343194996,10.000000000
2,9.039000000,6.295512247,18.314121884,10.000000000
2,9.039000000,6.302405595,18.285048073,10.000000000
2,9.039000000,6.309298943,18.255973575,10.000000000
2,9.039000000,6.316192290,18.226898404,10.000000000
2,9.039000000,6.323085638,18.197822572,10.000000000
2,9.039000000,6.329978986,18.168746093,10.000000000
2,9.039000000,6.336872333,18.139668980,10.000000000
2,9.039000000,6.343765681,18.110591247,10.000000000
2,9.039000000,6.350659029,18.081512906,10.000000000
2,9.039000000,6.357552376,18.052433971,10.000000000
2,9.039000000,6.364445724,18.023354455,10.000000000
2,9.039000000,6.371339072,17.994274374,10.000000000
2,9.039000000,6.378232419,17.965193740,10.000000000
2,9.039000000,6.385125767,17.936112567,10.000000000
2,9.039000000,6.392019115,17.907030869,10.000000000
2,9.039000000,6.398912462,17.877948661,10.000000000
2,9.039000000,6.405805810,17.848865956,10.000000000
2,9.039000000,6.412699158,17.819782770,10.000000000
2,9.039000000,6.419592505,17.790699116,10.000000000
2,9.039000000,6.426485853,17.761615009,10.000000000
2,9.039000000,6.433379201,17.732530464,10.000000000
2,9.039000000,6.440272548,17.703445495,10.000000000
2,9.039000000,6.447165896,17.674360117,10.000000000
2,9.039000000,6.454059244,17.645274346,10.000000000
2,9.039000000,6.460952592,17.616188196,10.000000000
2,9.039000000,6.467845939,17.587101682,10.000000000
2,9.039000000,6.474739287,17.558014821,10.000000000
2,9.039000000,6.481632635,17.528927627,10.000000000
2,9.039000000,6.488525982,17.499840116,10.000000000
2,9.039000000,6.495419330,17.470752468,10.000000000
2,9.039000000,6.502312678,17.441664542,10.000000000
2,9.039000000,6.509206025,17.412576347,10.000000000
2,9.039000000,6.516099373,17.383487898,10.000000000
2,9.039000000,6.522992721,17.354399212,10.000000000
2,9.039000000,6.529886068,17.325310304,10.000000000
2,9.039000000,6.536779416,17.296221192,10.000000000
2,9.039000000,6.543672764,17.267131892,10.000000000
2,9.039000000,6.550566111,17.238042420,10.000000000
2,9.039000000,6.557459459,17.208952793,10.000000000
2,9.039000000,6.564352807,17.179863028,10.000000000
2,9.039000000,6.571246154,17.150773142,10.000000000
2,9.039000000,6.578139502,17.121683153,10.000000000
2,9.039000000,6.585032850,17.092593076,10.000000000
2,9.039000000,6.591926197,17.063502931,10.000000000
2,9.039000000,6.598819545,17.034412734,10.000000000
2,9.039000000,6.605712893,17.005322502,10.000000000
2,9.039000000,6.612606240,16.976232255,10.000000000
2,9.039000000,6.619499588,16.947142009,10.000000000
2,9.039000000,6.626392936,16.918051783,10.000000000
2,9.039000000,6.633286283,16.888961595,10.000000000
2,9.039000000,6.640179631,16.859871463,10.000000000
2,9.039000000,6.647072979,16.830781405,10.000000000
2,9.039000000,6.653966327,16.801691441,10.000000000
2,9.039000000,6.660859674,16.772601589,10.000000000
2,9.039000000,6.667753022,16.743511868,10.000000000
2,9.039000000,6.674646370,16.714422297,10.000000000
2,9.039000000,6.681539717,16.685332896,10.000000000
2,9.039000000,6.688433065,16.656243682,10.000000000
2,9.039000000,6.695326413,16.627154677,10.000000000
2,9.039000000,6.702219760,16.598065899,10.000000000
2,9.039000000,6.709113108,16.568977369,10.000000000
2,9.039000000,6.716006456,16.539889106,10.000000000
2,9.039000000,6.722899803,16.510801191,10.000000000
2,9.039000000,6.729793151,16.481713716,10.000000000
2,9.039000000,6.736686499,16.452626569,10.000000000
2,9.039000000,6.743579846,16.423539771,10.000000000
2,9.039000000,6.750473194,16.394453343,10.000000000
2,9.039000000,6.757366542,16.365367305,10.000000000
2,9.039000000,6.764259889,16.336281679,10.000000000
2,9.039000000,6.771153237,16.307196486,10.000000000
2,9.039000000,6.778046585,16.278111746,10.000000000
2,9.039000000,6.784939932,16.249027482,10.000000000
2,9.039000000,6.791833280,16.219943716,10.000000000
2,9.039000000,6.798726628,16.190860469,10.000000000
2,9.039000000,6.805619975,16.161777763,10.000000000
2,9.039000000,6.812513323,16.132695620,10.000000000
2,9.039000000,6.819406671,16.103614063,10.000000000
2,9.039000000,6.826300019,16.074533115,10.000000000
2,9.039000000,6.833193366,16.045452798,10.000000000
2,9.039000000,6.840086714,16.016373135,10.000000000
2,9.039000000,6.846980062,15.987294149,10.000000000
2,9.039000000,6.853873409,15.958215863,10.000000000
2,9.039000000,6.860766757,15.929138301,10.000000000
2,9.039000000,6.867660105,15.900061487,10.000000000
2,9.039000000,6.874553452,15.870985444,10.000000000
2,9.039000000,6.881446800,15.841910197,10.000000000
2,9.039000000,6.888340148,15.812835769,10.000000000
2,9.039000000,6.895233495,15.783762185,10.000000000
2,9.039000000,6.902126843,15.754689470,10.000000000
2,9.039000000,6.909020191,15.725617648,10.000000000
2,9.039000000,6.915913538,15.696546745,10.000000000
2,9.039000000,6.922806886,15.667476956,10.000000000
2,9.039000000,6.929700234,15.638408178,10.000000000
2,9.039000000,6.936593581,15.609340395,10.000000000
2,9.039000000,6.943486929,15.580273633,10.000000000
2,9.039000000,6.950380277,15.551207917,10.000000000
2,9.039000000,6.957273624,15.522143275,10.000000000
2,9.039000000,6.964166972,15.493079732,10.000000000
2,9.039000000,6.971060320,15.464017315,10.000000000
2,9.039000000,6.977953667,15.434956050,10.000000000
2,9.039000000,6.984847015,15.405895966,10.000000000
2,9.039000000,6.991740363,15.376837089,10.000000000
2,9.039000000,6.998633710,15.347779447,10.000000000
2,9.039000000,7.005527058,15.318723067,10.000000000
2,9.039000000,7.012420406,15.289667977,10.000000000
2,9.039000000,7.019313754,15.260614207,10.000000000
2,9.039000000,7.026207101,15.231561783,10.000000000
2,9.039000000,7.033100449,15.202510735,10.000000000
2,9.039000000,7.039993797,15.173461091,10.000000000
2,9.039000000,7.046887144,15.144412882,10.000000000
2,9.039000000,7.053780492,15.115366135,10.000000000
2,9.039000000,7.060673840,15.086320881,10.000000000
2,9.039000000,7.067567187,15.057277149,10.000000000
2,9.039000000,7.074460535,15.028234970,10.000000000
2,9.039000000,7.081353883,14.999194374,10.000000000
2,9.039000000,7.088247230,14.970155457,10.000000000
2,9.039000000,7.095140578,14.941118351,10.000000000
2,9.039000000,7.102033926,14.912082922,10.000000000
2,9.039000000,7.108927273,14.883049200,10.000000000
2,9.039000000,7.115820621,14.854017216,10.000000000
2,9.039000000,7.122713969,14.824987003,10.000000000
2,9.039000000,7.129607316,14.795958593,10.000000000
2,9.039000000,7.136500664,14.766932018,10.000000000
2,9.039000000,7.143394012,14.737907311,10.000000000
2,9.039000000,7.150287359,14.708884505,10.000000000
2,9.039000000,7.157180707,14.679863632,10.000000000
2,9.039000000,7.164074055,14.650844727,10.000000000
2,9.039000000,7.170967402,14.621827824,10.000000000
2,9.039000000,7.177860750,14.592812955,10.000000000
2,9.039000000,7.184754098,14.563800156,10.000000000
2,9.039000000,7.191647446,14.534789462,10.000000000
2,9.039000000,7.198540793,14.505780907,10.000000000
2,9.039000000,7.205434141,14.476774526,10.000000000
2,9.039000000,7.212327489,14.447770355,10.000000000
2,9.039000000,7.219220836,14.418768430,10.000000000
2,9.039000000,7.226114184,14.389768787,10.000000000
2,9.039000000,7.233007532,14.360771462,10.000000000
2,9.039000000,7.239900879,14.331776729,10.000000000
2,9.039000000,7.246794227,14.302784405,10.000000000
2,9.039000000,7.253687575,14.273794511,10.000000000
2,9.039000000,7.260580922,14.244807085,10.000000000
2,9.039000000,7.267474270,14.215822164,10.000000000
2,9.039000000,7.274367618,14.186839787,10.000000000
2,9.039000000,7.281260965,14.157859993,10.000000000
2,9.039000000,7.288154313,14.128882820,10.000000000
2,9.039000000,7.295047661,14.099908309,10.000000000
2,9.039000000,7.301941008,14.070936498,10.000000000
2,9.039000000,7.308834356,14.041967427,10.000000000
2,9.039000000,7.315727704,14.013001138,10.000000000
2,9.039000000,7.322621051,13.984037670,10.000000000
2,9.039000000,7.329514399,13.955077065,10.000000000
2,9.039000000,7.336407747,13.926119364,10.000000000
2,9.039000000,7.343301094,13.897164610,10.000000000
2,9.039000000,7.350194442,13.868212843,10.000000000
2,9.039000000,7.357087790,13.839264107,10.000000000
2,9.039000000,7.363981137,13.810318490,10.000000000
2,9.039000000,7.370874485,13.781376217,10.000000000
2,9.039000000,7.377767833,13.752437106,10.000000000
2,9.039000000,7.384661181,13.723501200,10.000000000
2,9.039000000,7.391554528,13.694568542,10.000000000
2,9.039000000,7.398447876,13.665639179,10.000000000
2,9.039000000,7.405341224,13.636713155,10.000000000
2,9.039000000,7.412234571,13.607790516,10.000000000
2,9.039000000,7.419127919,13.578871308,10.000000000
2,9.039000000,7.426021267,13.549955577,10.000000000
2,9.039000000,7.432914614,13.521043370,10.000000000
2,9.039000000,7.439807962,13.492134734,10.000000000
2,9.039000000,7.446701310,13.463229717,10.000000000
2,9.039000000,7.453594657,13.434328367,10.000000000
2,9.039000000,7.460488005,13.405430733,10.000000000
2,9.039000000,7.467381353,13.376536863,10.000000000
2,9.039000000,7.474274700,13.347646807,10.000000000
2,9.039000000,7.481168048,13.318760767,10.000000000
2,9.039000000,7.488061396,13.289878783,10.000000000
2,9.039000000,7.494954743,13.261000763,10.000000000
2,9.039000000,7.501848091,13.232126760,10.000000000
2,9.039000000,7.508741439,13.203256825,10.000000000
2,9.039000000,7.515634786,13.174391010,10.000000000
2,9.039000000,7.522528134,13.145529367,10.000000000
2,9.039000000,7.529421482,13.116671950,10.000000000
2,9.039000000,7.536314829,13.087818812,10.000000000
2,9.039000000,7.543208177,13.058970007,10.000000000
2,9.039000000,7.550101525,13.030125590,10.000000000
2,9.039000000,7.556994872,13.001285615,10.000000000
2,9.039000000,7.563888220,12.972450139,10.000000000
2,9.039000000,7.570781568,12.943619217,10.000000000
2,9.039000000,7.577674916,12.914792906,10.000000000
2,9.039000000,7.584568263,12.885971466,10.000000000
2,9.039000000,7.591461611,12.857154863,10.000000000
2,9.039000000,7.598354959,12.828343044,10.000000000
2,9.039000000,7.605248306,12.799536067,10.000000000
2,9.039000000,7.612141654,12.770733992,10.000000000
2,9.039000000,7.619035002,12.741936879,10.000000000
2,9.039000000,7.625928349,12.713144788,10.000000000
2,9.039000000,7.632821697,12.684357779,10.000000000
2,9.039000000,7.639715045,12.655575915,10.000000000
2,9.039000000,7.646608392,12.626799257,10.000000000
2,9.039000000,7.653501740,12.598027867,10.000000000
2,9.039000000,7.660395088,12.569261810,10.000000000
2,9.039000000,7.667288435,12.540501148,10.000000000
2,9.039000000,7.674181783,12.511746037,10.000000000
2,9.039000000,7.681075131,12.482996695,10.000000000
2,9.039000000,7.687968478,12.454252944,10.000000000
2,9.039000000,7.694861826,12.425514851,10.000000000
2,9.039000000,7.701755174,12.396782481,10.000000000
2,9.039000000,7.708648521,12.368055903,10.000000000
2,9.039000000,7.715541869,12.339335185,10.000000000
2,9.039000000,7.722435217,12.310620395,10.000000000
2,9.039000000,7.729328564,12.281911602,10.000000000
2,9.039000000,7.736221912,12.253208878,10.000000000
2,9.039000000,7.743115260,12.224512292,10.000000000
2,9.039000000,7.750008608,12.195821915,10.000000000
2,9.039000000,7.756901955,12.167137882,10.000000000
2,9.039000000,7.763795303,12.138460498,10.000000000
2,9.039000000,7.770688651,12.109789542,10.000000000
2,9.039000000,7.777581998,12.081125090,10.000000000
2,9.039000000,7.784475346,12.052467215,10.000000000
2,9.039000000,7.791368694,12.023815994,10.000000000
2,9.039000000,7.798262041,11.995171502,10.000000000
2,9.039000000,7.805155389,11.966533818,10.000000000
2,9.039000000,7.812048737,11.937903018,10.000000000
2,9.039000000,7.818942084,11.909279181,10.000000000
2,9.039000000,7.825835432,11.880662387,10.000000000
2,9.039000000,7.832728780,11.852052780,10.000000000
2,9.039000000,7.839622127,11.823450689,10.000000000
2,9.039000000,7.846515475,11.794855883,10.000000000
2,9.039000000,7.853408823,11.766268447,10.000000000
2,9.039000000,7.860302170,11.737688462,10.000000000
2,9.039000000,7.867195518,11.709116013,10.000000000
2,9.039000000,7.874088866,11.680551185,10.000000000
2,9.039000000,7.880982213,11.651994063,10.000000000
2,9.039000000,7.887875561,11.623444736,10.000000000
2,9.039000000,7.894768909,11.594903289,10.000000000
2,9.039000000,7.901662256,11.566369860,10.000000000
2,9.039000000,7.908555604,11.537844838,10.000000000
2,9.039000000,7.915448952,11.509327965,10.000000000
2,9.039000000,7.922342299,11.480819333,10.000000000
2,9.039000000,7.929235647,11.452319033,10.000000000
2,9.039000000,7.936128995,11.423827159,10.000000000
2,9.039000000,7.943022343,11.395343804,10.000000000
2,9.039000000,7.949915690,11.366869063,10.000000000
2,9.039000000,7.956809038,11.338403032,10.000000000
2,9.039000000,7.963702386,11.309945807,10.000000000
2,9.039000000,7.970595733,11.281497863,10.000000000
2,9.039000000,7.977489081,11.253058963,10.000000000
2,9.039000000,7.984382429,11.224629166,10.000000000
2,9.039000000,7.991275776,11.196208573,10.000000000
2,9.039000000,7.998169124,11.167797285,10.000000000
2,9.039000000,8.005062472,11.139395406,10.000000000
2,9.039000000,8.011955819,11.111003038,10.000000000
2,9.039000000,8.018849167,11.082620288,10.000000000
2,9.039000000,8.025742515,11.054247442,10.000000000
2,9.039000000,8.032635862,11.025884682,10.000000000
2,9.039000000,8.039529210,10.997531861,10.000000000
2,9.039000000,8.046422558,10.969189087,10.000000000
2,9.039000000,8.053315905,10.940856472,10.000000000
2,9.039000000,8.060209253,10.912534127,10.000000000
2,9.039000000,8.067102601,10.884222164,10.000000000
2,9.039000000,8.073995948,10.855920697,10.000000000
2,9.039000000,8.080889296,10.827630104,10.000000000
2,9.039000000,8.087782644,10.799350434,10.000000000
2,9.039000000,8.094675991,10.771081611,10.000000000
2,9.039000000,8.101569339,10.742823751,10.000000000
2,9.039000000,8.108462687,10.714576976,10.000000000
2,9.039000000,8.115356035,10.686341406,10.000000000
2,9.039000000,8.122249382,10.658117163,10.000000000
2,9.039000000,8.129142730,10.629904518,10.000000000
2,9.039000000,8.136036078,10.601703783,10.000000000
2,9.039000000,8.142929425,10.573514751,10.000000000
2,9.039000000,8.149822773,10.545337550,10.000000000
2,9.039000000,8.156716121,10.517172310,10.000000000
2,9.039000000,8.163609468,10.489019160,10.000000000
2,9.039000000,8.170502816,10.460878233,10.000000000
2,9.039000000,8.177396164,10.432749935,10.000000000
2,9.039000000,8.184289511,10.404634354,10.000000000
2,9.039000000,8.191182859,10.376531400,10.000000000
2,9.039000000,8.198076207,10.348441210,10.000000000
2,9.039000000,8.204969554,10.320363924,10.000000000
2,9.039000000,8.211862902,10.292299682,10.000000000
2,9.039000000,8.218756250,10.264248756,10.000000000
2,9.039000000,8.225649597,10.236211550,10.000000000
2,9.039000000,8.232542945,10.208187820,10.000000000
2,9.039000000,8.239436293,10.180177712,10.000000000
2,9.039000000,8.246329640,10.152181374,10.000000000
2,9.039000000,8.253222988,10.124198956,10.000000000
2,9.039000000,8.260116336,10.096230808,10.000000000
2,9.039000000,8.267009683,10.068277228,10.000000000
2,9.039000000,8.273903031,10.040338029,10.000000000
2,9.039000000,8.280796379,10.012413367,10.000000000
2,9.039000000,8.287689726,9.984503399,10.000000000
2,9.039000000,8.294583074,9.956608287,10.000000000
2,9.039000000,8.301476422,9.928728672,10.000000000
2,9.039000000,8.308369770,9.900864320,10.000000000
2,9.039000000,8.315263117,9.873015315,10.000000000
2,9.039000000,8.322156465,9.845181823,10.000000000
2,9.039000000,8.329049813,9.817364013,10.000000000
2,9.039000000,8.335943160,9.789562454,10.000000000
2,9.039000000,8.342836508,9.761777108,10.000000000
2,9.039000000,8.349729856,9.734007963,10.000000000
2,9.039000000,8.356623203,9.706255197,10.000000000
2,9.039000000,8.363516551,9.678518987,10.000000000
2,9.039000000,8.370409899,9.650800008,10.000000000
2,9.039000000,8.377303246,9.623098060,10.000000000
2,9.039000000,8.384196594,9.595413219,10.000000000
2,9.039000000,8.391089942,9.567745669,10.000000000
2,9.039000000,8.397983289,9.540095746,10.000000000
2,9.039000000,8.404876637,9.512463975,10.000000000
2,9.039000000,8.411769985,9.484850070,10.000000000
2,9.039000000,8.418663332,9.457254227,10.000000000
2,9.039000000,8.425556680,9.429676642,10.000000000
2,9.039000000,8.432450028,9.402118100,10.000000000
2,9.039000000,8.439343375,9.374578282,10.000000000
2,9.039000000,8.446236723,9.347057330,10.000000000
2,9.039000000,8.453130071,9.319555451,10.000000000
2,9.039000000,8.460023418,9.292073395,10.000000000
2,9.039000000,8.466916766,9.264610958,10.000000000
2,9.039000000,8.473810114,9.237168229,10.000000000
2,9.039000000,8.480703462,9.209745425,10.000000000
2,9.039000000,8.487596809,9.182343408,10.000000000
2,9.039000000,8.494490157,9.154961799,10.000000000
2,9.039000000,8.501383505,9.127600780,10.000000000
2,9.039000000,8.508276852,9.100260762,10.000000000
2,9.039000000,8.515170200,9.072942312,10.000000000
2,9.039000000,8.522063548,9.045645140,10.000000000
2,9.039000000,8.528956895,9.018369479,10.000000000
2,9.039000000,8.535850243,8.991116130,10.000000000
2,9.039000000,8.542743591,8.963884937,10.000000000
2,9.039000000,8.549636938,8.936675978,10.000000000
2,9.039000000,8.556530286,8.909489834,10.000000000
2,9.039000000,8.563423634,8.882326830,10.000000000
2,9.039000000,8.570316981,8.855186805,10.000000000
2,9.039000000,8.577210329,8.828070236,10.000000000
2,9.039000000,8.584103677,8.800977706,10.000000000
2,9.039000000,8.590997024,8.773908928,10.000000000
2,9.039000000,8.597890372,8.746864382,10.000000000
2,9.039000000,8.604783720,8.719844693,10.000000000
2,9.039000000,8.611677067,8.692849556,10.000000000
2,9.039000000,8.618570415,8.665879568,10.000000000
2,9.039000000,8.625463763,8.638935170,10.000000000
2,9.039000000,8.632357110,8.612016154,10.000000000
2,9.039000000,8.639250458,8.585123342,10.000000000
2,9.039000000,8.646143806,8.558256774,10.000000000
2,9.039000000,8.653037153,8.531416464,10.000000000
2,9.039000000,8.659930501,8.504603524,10.000000000
2,9.039000000,8.666823849,8.477817416,10.000000000
2,9.039000000,8.673717197,8.451058876,10.000000000
2,9.039000000,8.680610544,8.424328208,10.000000000
2,9.039000000,8.687503892,8.397625362,10.000000000
2,9.039000000,8.694397240,8.370951385,10.000000000
2,9.039000000,8.701290587,8.344305778,10.000000000
2,9.039000000,8.708183935,8.317689566,10.000000000
2,9.039000000,8.715077283,8.291102573,10.000000000
2,9.039000000,8.721970630,8.264545432,10.000000000
2,9.039000000,8.728863978,8.238018380,10.000000000
2,9.039000000,8.735757326,8.211521727,10.000000000
2,9.039000000,8.742650673,8.185055974,10.000000000
2,9.039000000,8.749544021,8.158621259,10.000000000
2,9.039000000,8.756437369,8.132218197,10.000000000
2,9.039000000,8.763330716,8.105846903,10.000000000
2,9.039000000,8.770224064,8.079507957,10.000000000
2,9.039000000,8.777117412,8.053201600,10.000000000
2,9.039000000,8.784010759,8.026928230,10.000000000
2,9.039000000,8.790904107,8.000688363,10.000000000
2,9.039000000,8.797797455,7.974482064,10.000000000
2,9.039000000,8.804690802,7.948310276,10.000000000
2,9.039000000,8.811584150,7.922172763,10.000000000
2,9.039000000,8.818477498,7.896070494,10.000000000
2,9.039000000,8.825370845,7.870003541,10.000000000
2,9.039000000,8.832264193,7.843972251,10.000000000
2,9.039000000,8.839157541,7.817977541,10.000000000
2,9.039000000,8.846050889,7.792019299,10.000000000
2,9.039000000,8.852944236,7.766098110,10.000000000
2,9.039000000,8.859837584,7.740214739,10.000000000
2,9.039000000,8.866730932,7.714369218,10.000000000
2,9.039000000,8.873624279,7.688562033,10.000000000
2,9.039000000,8.880517627,7.662794031,10.000000000
2,9.039000000,8.887410975,7.637065383,10.000000000
2,9.039000000,8.894304322,7.611376517,10.000000000
2,9.039000000,8.901197670,7.585727939,10.000000000
2,9.039000000,8.908091018,7.560120307,10.000000000
2,9.039000000,8.914984365,7.534554107,10.000000000
2,9.039000000,8.921877713,7.509029708,10.000000000
2,9.039000000,8.928771061,7.483547641,10.000000000
2,9.039000000,8.935664408,7.458108438,10.000000000
2,9.039000000,8.942557756,7.432712642,10.000000000
2,9.039000000,8.949451104,7.407360799,10.000000000
2,9.039000000,8.956344451,7.382053462,10.000000000
2,9.039000000,8.963237799,7.356791190,10.000000000
2,9.039000000,8.970131147,7.331574549,10.000000000
2,9.039000000,8.977024494,7.306404110,10.000000000
2,9.039000000,8.983917842,7.281280452,10.000000000
2,9.039000000,8.990811190,7.256204159,10.000000000
2,9.039000000,8.997704537,7.231175823,10.000000000
2,9.039000000,9.004597885,7.206196041,10.000000000
2,9.039000000,9.011491233,7.181265419,10.000000000
2,9.039000000,9.018384580,7.156384799,10.000000000
2,9.039000000,9.025277928,7.131554687,10.000000000
2,9.039000000,9.032171276,7.106775628,10.000000000
2,9.039000000,9.039064624,7.082048434,10.000000000
2,9.039000000,9.045957971,7.057373870,10.000000000
2,9.039000000,9.052851319,7.032752324,10.000000000
2,9.039000000,9.059744667,7.008185016,10.000000000
2,9.039000000,9.066638014,6.983672138,10.000000000
2,9.039000000,9.073531362,6.959214905,10.000000000
2,9.039000000,9.080424710,6.934813774,10.000000000
2,9.039000000,9.087318057,6.910469538,10.000000000
2,9.039000000,9.094211405,6.886183251,10.000000000
2,9.039000000,9.101104753,6.861955561,10.000000000
2,9.039000000,9.107998100,6.837787305,10.000000000
2,9.039000000,9.114891448,6.813679370,10.000000000
2,9.039000000,9.121784796,6.789632653,10.000000000
2,9.039000000,9.128678143,6.765648056,10.000000000
2,9.039000000,9.135571491,6.741726508,10.000000000
2,9.039000000,9.142464839,6.717869196,10.000000000
2,9.039000000,9.149358186,6.694076839,10.000000000
2,9.039000000,9.156251534,6.670350637,10.000000000
2,9.039000000,9.163144882,6.646691551,10.000000000
2,9.039000000,9.170038229,6.623100918,10.000000000
2,9.039000000,9.176931577,6.599579718,10.000000000
2,9.039000000,9.183824925,6.576129201,10.000000000
2,9.039000000,9.190718272,6.552750624,10.000000000
2,9.039000000,9.197611620,6.529445348,10.000000000
2,9.039000000,9.204504968,6.506214821,10.000000000
2,9.039000000,9.211398316,6.483060386,10.000000000
2,9.039000000,9.218291663,6.459983624,10.000000000
2,9.039000000,9.225185011,6.436986215,10.000000000
2,9.039000000,9.232078359,6.414069840,10.000000000
2,9.039000000,9.238971706,6.391236338,10.000000000
2,9.039000000,9.245865054,6.368487685,10.000000000
2,9.039000000,9.252758402,6.345826058,10.000000000
2,9.039000000,9.259651749,6.323253621,10.000000000
2,9.039000000,9.266545097,6.300772936,10.000000000
2,9.039000000,9.273438445,6.278386587,10.000000000
2,9.039000000,9.280331792,6.256097588,10.000000000
2,9.039000000,9.287225140,6.233909067,10.000000000
2,9.039000000,9.294118488,6.211824538,10.000000000
2,9.039000000,9.301011835,6.189847969,10.000000000
2,9.039000000,9.307905183,6.167983510,10.000000000
2,9.039000000,9.314798531,6.146235953,10.000000000
2,9.039000000,9.321691878,6.124610496,10.000000000
2,9.039000000,9.328585226,6.103112805,10.000000000
2,9.039000000,9.335478574,6.081749036,10.000000000
2,9.039000000,9.342371921,6.060525596,10.000000000
2,9.039000000,9.349265269,6.039448861,10.000000000
2,9.039000000,9.356158617,6.018524922,10.000000000
2,9.039000000,9.363051964,5.997758827,10.000000000
2,9.039000000,9.369945312,5.977154135,10.000000000
2,9.039000000,9.376838660,5.956712545,10.000000000
2,9.039000000,9.383732007,5.936433740,10.000000000
2,9.039000000,9.390625355,5.916315695,10.000000000
2,9.039000000,9.397518703,5.896355242,10.000000000
2,9.039000000,9.404412051,5.876548632,10.000000000
2,9.039000000,9.411305398,5.856891872,10.000000000
2,9.039000000,9.418198746,5.837381059,10.000000000
2,9.039000000,9.425092094,5.818012717,10.000000000
2,9.039000000,9.431985441,5.798783599,10.000000000
2,9.039000000,9.438878789,5.779691005,10.000000000
2,9.039000000,9.445772137,5.760732525,10.000000000
2,9.039000000,9.452665484,5.741906176,10.000000000
2,9.039000000,9.459558832,5.723210214,10.000000000
2,9.039000000,9.466452180,5.704643421,10.000000000
2,9.039000000,9.473345527,5.686204636,10.000000000
2,9.039000000,9.480238875,5.667892937,10.000000000
2,9.039000000,9.487132223,5.649707676,10.000000000
2,9.039000000,9.494025570,5.631648442,10.000000000
2,9.039000000,9.500918918,5.613714851,10.000000000
2,9.039000000,9.507812266,5.595906805,10.000000000
2,9.039000000,9.514705613,5.578224192,10.000000000
2,9.039000000,9.521598961,5.560667145,10.000000000
2,9.039000000,9.528492309,5.543235766,10.000000000
2,9.039000000,9.535385656,5.525930393,10.000000000
2,9.039000000,9.542279004,5.508751361,10.000000000
2,9.039000000,9.549172352,5.491698999,10.000000000
2,9.039000000,9.556065699,5.474773933,10.000000000
2,9.039000000,9.562959047,5.457976525,10.000000000
2,9.039000000,9.569852395,5.441307577,10.000000000
2,9.039000000,9.576745743,5.424767636,10.000000000
2,9.039000000,9.583639090,5.408357364,10.000000000
2,9.039000000,9.590532438,5.392077587,10.000000000
2,9.039000000,9.597425786,5.375929070,10.000000000
2,9.039000000,9.604319133,5.359912466,10.000000000
2,9.039000000,9.611212481,5.344028829,10.000000000
2,9.039000000,9.618105829,5.328278797,10.000000000
2,9.039000000,9.624999176,5.312663578,10.000000000
2,9.039000000,9.631892524,5.297183829,10.000000000
2,9.039000000,9.638785872,5.281840550,10.000000000
2,9.039000000,9.645679219,5.266634742,10.000000000
2,9.039000000,9.652572567,5.251567412,10.000000000
2,9.039000000,9.659465915,5.236639565,10.000000000
2,9.039000000,9.666359262,5.221852213,10.000000000
2,9.039000000,9.673252610,5.207206368,10.000000000
2,9.039000000,9.680145958,5.192703045,10.000000000
2,9.039000000,9.687039305,5.178343276,10.000000000
2,9.039000000,9.693932653,5.164128454,10.000000000
2,9.039000000,9.700826001,5.150059280,10.000000000
2,9.039000000,9.707719348,5.136137003,10.000000000
2,9.039000000,9.714612696,5.122362796,10.000000000
2,9.039000000,9.721506044,5.108737626,10.000000000
2,9.039000000,9.728399391,5.095262749,10.000000000
2,9.039000000,9.735292739,5.081939269,10.000000000
2,9.039000000,9.742186087,5.068768123,10.000000000
2,9.039000000,9.749079434,5.055750876,10.000000000
2,9.039000000,9.755972782,5.042888334,10.000000000
2,9.039000000,9.762866130,5.030181644,10.000000000
2,9.039000000,9.769759478,5.017632013,10.000000000
2,9.039000000,9.776652825,5.005240822,10.000000000
2,9.039000000,9.783546173,4.993008983,10.000000000
2,9.039000000,9.790439521,4.980937673,10.000000000
2,9.039000000,9.797332868,4.969028061,10.000000000
2,9.039000000,9.804226216,4.957281315,10.000000000
2,9.039000000,9.811119564,4.945698598,10.000000000
2,9.039000000,9.818012911,4.934281068,10.000000000
2,9.039000000,9.824906259,4.923029878,10.000000000
2,9.039000000,9.831799607,4.911946177,10.000000000
2,9.039000000,9.838692954,4.901031107,10.000000000
2,9.039000000,9.845586302,4.890285802,10.000000000
2,9.039000000,9.852479650,4.879711392,10.000000000
2,9.039000000,9.859372997,4.869308999,10.000000000
2,9.039000000,9.866266345,4.859079734,10.000000000
2,9.039000000,9.873159693,4.849024733,10.000000000
2,9.039000000,9.880053040,4.839145327,10.000000000
2,9.039000000,9.886946388,4.829442373,10.000000000
2,9.039000000,9.893839736,4.819916951,10.000000000
2,9.039000000,9.900733083,4.810570127,10.000000000
2,9.039000000,9.907626431,4.801403088,10.000000000
2,9.039000000,9.914519779,4.792417069,10.000000000
2,9.039000000,9.921413126,4.783612816,10.000000000
2,9.039000000,9.928306474,4.774991352,10.000000000
2,9.039000000,9.935199822,4.766554055,10.000000000
2,9.039000000,9.942093169,4.758301750,10.000000000
2,9.039000000,9.948986517,4.750235250,10.000000000
2,9.039000000,9.955879865,4.742355900,10.000000000
2,9.039000000,9.962773213,4.734664553,10.000000000
2,9.039000000,9.969666560,4.727161899,10.000000000
2,9.039000000,9.976559908,4.719849456,10.000000000
2,9.039000000,9.983453256,4.712727674,10.000000000
2,9.039000000,9.990346603,4.705797563,10.000000000
2,9.039000000,9.997239951,4.699060317,10.000000000
2,9.039000000,10.004133299,4.692516261,10.000000000
2,9.039000000,10.011026646,4.686167012,10.000000000
2,9.039000000,10.017919994,4.680012691,10.000000000
2,9.039000000,10.024813342,4.674054649,10.000000000
2,9.039000000,10.031706689,4.668293353,10.000000000
2,9.039000000,10.038600037,4.662729801,10.000000000
2,9.039000000,10.045493385,4.657364659,10.000000000
2,9.039000000,10.052386732,4.652198711,10.000000000
2,9.039000000,10.059280080,4.647232682,10.000000000
2,9.039000000,10.066173428,4.642467279,10.000000000
2,9.039000000,10.073066775,4.637903145,10.000000000
2,9.039000000,10.079960123,4.633541047,10.000000000
2,9.039000000,10.086853471,4.629381406,10.000000000
2,9.039000000,10.093746818,4.625425184,10.000000000
2,9.039000000,10.100640166,4.621672446,10.000000000
2,9.039000000,10.107533514,4.618124477,10.000000000
2,9.039000000,10.114426861,4.614781016,10.000000000
2,9.039000000,10.121320209,4.611643314,10.000000000
2,9.039000000,10.128213557,4.608711306,10.000000000
2,9.039000000,10.135106905,4.605985680,10.000000000
2,9.039000000,10.142000252,4.603466991,10.000000000
2,9.039000000,10.148893600,4.601155173,10.000000000
2,9.039000000,10.155786948,4.599051424,10.000000000
2,9.039000000,10.162680295,4.597155335,10.000000000
2,9.039000000,10.169573643,4.595467529,10.000000000
2,9.039000000,10.176466991,4.593988496,10.000000000
2,9.039000000,10.183360338,4.592718022,10.000000000
2,9.039000000,10.190253686,4.591656920,10.000000000
2,9.039000000,10.197147034,4.590805086,10.000000000
2,9.039000000,10.204040381,4.590162489,10.000000000
2,9.039000000,10.210933729,4.589729998,10.000000000
2,9.039000000,10.217827077,4.589507116,10.000000000
2,9.039000000,10.224720424,4.589493898,10.000000000
2,9.039000000,10.231613772,4.589691156,10.000000000
2,9.039000000,10.238507120,4.590098211,10.000000000
2,9.039000000,10.245400467,4.590715091,10.000000000
2,9.039000000,10.252293815,4.591542476,10.000000000
2,9.039000000,10.259187163,4.592579676,10.000000000
2,9.039000000,10.266080510,4.593826606,10.000000000
2,9.039000000,10.272973858,4.595283717,10.000000000
2,9.039000000,10.279867206,4.596950495,10.000000000
2,9.039000000,10.286760553,4.598826653,10.000000000
2,9.039000000,10.293653901,4.600912322,10.000000000
2,9.039000000,10.300547249,4.603207344,10.000000000
2,9.039000000,10.307440596,4.605711139,10.000000000
2,9.039000000,10.314333944,4.608423450,10.000000000
2,9.039000000,10.321227292,4.611344611,10.000000000
2,9.039000000,10.328120640,4.614473696,10.000000000
2,9.039000000,10.335013987,4.617810358,10.000000000
2,9.039000000,10.341907335,4.621354435,10.000000000
2,9.039000000,10.348800683,4.625105724,10.000000000
2,9.039000000,10.355694030,4.629063408,10.000000000
2,9.039000000,10.362587378,4.633227043,10.000000000
2,9.039000000,10.369480726,4.637596449,10.000000000
2,9.039000000,10.376374073,4.642171114,10.000000000
2,9.039000000,10.383267421,4.646950235,10.000000000
2,9.039000000,10.390160769,4.651933267,10.000000000
2,9.039000000,10.397054116,4.657119903,10.000000000
2,9.039000000,10.403947464,4.662509558,10.000000000
2,9.039000000,10.410840812,4.668101335,10.000000000
2,9.039000000,10.417734159,4.673894591,10.000000000
2,9.039000000,10.424627507,4.679888794,10.000000000
2,9.039000000,10.431520855,4.686083505,10.000000000
2,9.039000000,10.438414202,4.692477631,10.000000000
2,9.039000000,10.445307550,4.699070441,10.000000000
2,9.039000000,10.452200898,4.705861183,10.000000000
2,9.039000000,10.459094245,4.712849469,10.000000000
2,9.039000000,10.465987593,4.720034219,10.000000000
2,9.039000000,10.472880941,4.727414519,10.000000000
2,9.039000000,10.479774288,4.734989540,10.000000000
2,9.039000000,10.486667636,4.742758469,10.000000000
2,9.039000000,10.493560984,4.750720816,10.000000000
2,9.039000000,10.500454332,4.758875274,10.000000000
2,9.039000000,10.507347679,4.767220940,10.000000000
2,9.039000000,10.514241027,4.775756896,10.000000000
2,9.039000000,10.521134375,4.784482251,10.000000000
2,9.039000000,10.528027722,4.793396387,10.000000000
2,9.039000000,10.534921070,4.802497953,10.000000000
2,9.039000000,10.541814418,4.811785969,10.000000000
2,9.039000000,10.548707765,4.821259440,10.000000000
2,9.039000000,10.555601113,4.830917357,10.000000000
2,9.039000000,10.562494461,4.840759028,10.000000000
2,9.039000000,10.569387808,4.850783150,10.000000000
2,9.039000000,10.576281156,4.860988610,10.000000000
2,9.039000000,10.583174504,4.871374352,10.000000000
2,9.039000000,10.590067851,4.881939306,10.000000000
2,9.039000000,10.596961199,4.892682483,10.000000000
2,9.039000000,10.603854547,4.903602978,10.000000000
2,9.039000000,10.610747894,4.914699413,10.000000000
2,9.039000000,10.617641242,4.925970681,10.000000000
2,9.039000000,10.624534590,4.937415665,10.000000000
2,9.039000000,10.631427937,4.949033243,10.000000000
2,9.039000000,10.638321285,4.960822384,10.000000000
2,9.039000000,10.645214633,4.972782079,10.000000000
2,9.039000000,10.652107980,4.984910945,10.000000000
2,9.039000000,10.659001328,4.997207833,10.000000000
2,9.039000000,10.665894676,5.009671585,10.000000000
2,9.039000000,10.672788023,5.022301040,10.000000000
2,9.039000000,10.679681371,5.035095031,10.000000000
2,9.039000000,10.686574719,5.048052686,10.000000000
2,9.039000000,10.693468067,5.061172532,10.000000000
2,9.039000000,10.700361414,5.074453384,10.000000000
2,9.039000000,10.707254762,5.087894062,10.000000000
2,9.039000000,10.714148110,5.101493383,10.000000000
2,9.039000000,10.721041457,5.115250159,10.000000000
2,9.039000000,10.727934805,5.129163267,10.000000000
2,9.039000000,10.734828153,5.143231666,10.000000000
2,9.039000000,10.741721500,5.157453948,10.000000000
2,9.039000000,10.748614848,5.171828924,10.000000000
2,9.039000000,10.755508196,5.186355401,10.000000000
2,9.039000000,10.762401543,5.201032189,10.000000000
2,9.039000000,10.769294891,5.215858099,10.000000000
2,9.039000000,10.776188239,5.230831940,10.000000000
2,9.039000000,10.783081586,5.245952768,10.000000000
2,9.039000000,10.789974934,5.261219146,10.000000000
2,9.039000000,10.796868282,5.276629886,10.000000000
2,9.039000000,10.803761629,5.292183807,10.000000000
2,9.039000000,10.810654977,5.307879726,10.000000000
2,9.039000000,10.817548325,5.323716465,10.000000000
2,9.039000000,10.824441672,5.339692848,10.000000000
2,9.039000000,10.831335020,5.355807759,10.000000000
2,9.039000000,10.838228368,5.372060130,10.000000000
2,9.039000000,10.845121715,5.388448631,10.000000000
2,9.039000000,10.852015063,5.404972100,10.000000000
2,9.039000000,10.858908411,5.421629379,10.000000000
2,9.039000000,10.865801759,5.438419315,10.000000000
2,9.039000000,10.872695106,5.455340759,10.000000000
2,9.039000000,10.879588454,5.472392565,10.000000000
2,9.039000000,10.886481802,5.489573596,10.000000000
2,9.039000000,10.893375149,5.506882893,10.000000000
2,9.039000000,10.900268497,5.524319158,10.000000000
2,9.039000000,10.907161845,5.541881255,10.000000000
2,9.039000000,10.914055192,5.559568065,10.000000000
2,9.039000000,10.920948540,5.577378478,10.000000000
2,9.039000000,10.927841888,5.595311387,10.000000000
2,9.039000000,10.934735235,5.613365692,10.000000000
2,9.039000000,10.941628583,5.631540300,10.000000000
2,9.039000000,10.948521931,5.649834122,10.000000000
2,9.039000000,10.955415278,5.668246236,10.000000000
2,9.039000000,10.962308626,5.686775410,10.000000000
2,9.039000000,10.969201974,5.705420574,10.000000000
2,9.039000000,10.976095321,5.724180665,10.000000000
2,9.039000000,10.982988669,5.743054631,10.000000000
2,9.039000000,10.989882017,5.762041426,10.000000000
2,9.039000000,10.996775364,5.781140009,10.000000000
2,9.039000000,11.003668712,5.800349348,10.000000000
2,9.039000000,11.010562060,5.819668420,10.000000000
2,9.039000000,11.017455407,5.839096241,10.000000000
2,9.039000000,11.024348755,5.858631867,10.000000000
2,9.039000000,11.031242103,5.878274191,10.000000000
2,9.039000000,11.038135450,5.898022219,10.000000000
2,9.039000000,11.045028798,5.917874964,10.000000000
2,9.039000000,11.051922146,5.937831445,10.000000000
2,9.039000000,11.058815494,5.957890692,10.000000000
2,9.039000000,11.065708841,5.978051740,10.000000000
2,9.039000000,11.072602189,5.998313634,10.000000000
2,9.039000000,11.079495537,6.018675424,10.000000000
2,9.039000000,11.086388884,6.039136171,10.000000000
2,9.039000000,11.093282232,6.059695020,10.000000000
2,9.039000000,11.100175580,6.080350997,10.000000000
2,9.039000000,11.107068927,6.101103153,10.000000000
2,9.039000000,11.113962275,6.121950578,10.000000000
2,9.039000000,11.120855623,6.142892372,10.000000000
2,9.039000000,11.127748970,6.163927642,10.000000000
2,9.039000000,11.134642318,6.185055503,10.000000000
2,9.039000000,11.141535666,6.206275077,10.000000000
2,9.039000000,11.148429013,6.227585496,10.000000000
2,9.039000000,11.155322361,6.248985898,10.000000000
2,9.039000000,11.162215709,6.270475429,10.000000000
2,9.039000000,11.169109056,6.292053264,10.000000000
2,9.039000000,11.176002404,6.313718612,10.000000000
2,9.039000000,11.182895752,6.335470572,10.000000000
2,9.039000000,11.189789099,6.357308325,10.000000000
2,9.039000000,11.196682447,6.379231055,10.000000000
2,9.039000000,11.203575795,6.401237956,10.000000000
2,9.039000000,11.210469142,6.423328231,10.000000000
2,9.039000000,11.217362490,6.445501087,10.000000000
2,9.039000000,11.224255838,6.467755743,10.000000000
2,9.039000000,11.231149186,6.490091422,10.000000000
2,9.039000000,11.238042533,6.512507358,10.000000000
2,9.039000000,11.244935881,6.535002789,10.000000000
2,9.039000000,11.251829229,6.557576963,10.000000000
2,9.039000000,11.258722576,6.580229178,10.000000000
2,9.039000000,11.265615924,6.602958673,10.000000000
2,9.039000000,11.272509272,6.625764695,10.000000000
2,9.039000000,11.279402619,6.648646522,10.000000000
2,9.039000000,11.286295967,6.671603440,10.000000000
2,9.039000000,11.293189315,6.694634739,10.000000000
2,9.039000000,11.300082662,6.717739719,10.000000000
2,9.039000000,11.306976010,6.740917687,10.000000000
2,9.039000000,11.313869358,6.764167957,10.000000000
2,9.039000000,11.320762705,6.787489848,10.000000000
2,9.039000000,11.327656053,6.810882690,10.000000000
2,9.039000000,11.334549401,6.834345816,10.000000000
2,9.039000000,11.341442748,6.857878570,10.000000000
2,9.039000000,11.348336096,6.881480299,10.000000000
2,9.039000000,11.355229444,6.905150395,10.000000000
2,9.039000000,11.362122791,6.928958073,10.000000000
2,9.039000000,11.369016139,6.952883984,10.000000000
2,9.039000000,11.375909487,6.976868489,10.000000000
2,9.039000000,11.382802834,7.000911047,10.000000000
2,9.039000000,11.389696182,7.025011122,10.000000000
2,9.039000000,11.396589530,7.049168182,10.000000000
2,9.039000000,11.403482877,7.073381704,10.000000000
2,9.039000000,11.410376225,7.097651168,10.000000000
2,9.039000000,11.417269573,7.121976061,10.000000000
2,9.039000000,11.424162921,7.146355877,10.000000000
2,9.039000000,11.431056268,7.170790114,10.000000000
2,9.039000000,11.437949616,7.195278276,10.000000000
2,9.039000000,11.444842964,7.219819873,10.000000000
2,9.039000000,11.451736311,7.244414440,10.000000000
2,9.039000000,11.458629659,7.269061477,10.000000000
2,9.039000000,11.465523007,7.293760507,10.000000000
2,9.039000000,11.472416354,7.318511063,10.000000000
2,9.039000000,11.479309702,7.343312681,10.000000000
2,9.039000000,11.486203050,7.368164903,10.000000000
2,9.039000000,11.493096397,7.393067276,10.000000000
2,9.039000000,11.499989745,7.418019352,10.000000000
2,9.039000000,11.506883093,7.443020688,10.000000000
2,9.039000000,11.513776440,7.468070845,10.000000000
2,9.039000000,11.520669788,7.493169392,10.000000000
2,9.039000000,11.527563136,7.518315900,10.000000000
2,9.039000000,11.534456483,7.543509946,10.000000000
2,9.039000000,11.541349831,7.568751111,10.000000000
2,9.039000000,11.548243179,7.594038981,10.000000000
2,9.039000000,11.555136526,7.619373148,10.000000000
2,9.039000000,11.562029874,7.644753207,10.000000000
2,9.039000000,11.568923222,7.670178758,10.000000000
2,9.039000000,11.575816569,7.695649409,10.000000000
2,9.039000000,11.582709917,7.721164765,10.000000000
2,9.039000000,11.589603265,7.746724439,10.000000000
2,9.039000000,11.596496613,7.772328048,10.000000000
2,9.039000000,11.603389960,7.797975215,10.000000000
2,9.039000000,11.610283308,7.826666675,10.000000000
2,9.039000000,11.617176656,8.174533790,10.000000000
2,9.039000000,11.624070003,8.995910815,10.000000000
2,9.039000000,11.630963351,10.176784234,10.000000000
2,9.039000000,11.637856699,11.607953332,10.000000000
2,9.039000000,11.644750046,13.208305760,10.000000000
2,9.039000000,11.651643394,14.923512280,10.000000000
2,9.039000000,11.658536742,16.718259891,10.000000000
2,9.039000000,11.665430089,18.569499886,10.000000000
2,9.039000000,11.672323437,20.461904983,10.000000000
2,9.039000000,11.679216785,22.385037465,10.000000000
2,9.039000000,11.686110132,24.331612489,10.000000000
2,9.039000000,11.693003480,26.296424617,10.000000000
2,9.039000000,11.699896828,28.275672338,10.000000000
2,9.039000000,11.706790175,30.266523784,10.000000000
2,9.039000000,11.713683523,32.266831190,10.000000000
2,9.039000000,11.720576871,34.274939028,10.000000000
2,9.039000000,11.727470218,36.289552394,10.000000000
2,9.039000000,11.734363566,38.309644971,10.000000000
2,9.039000000,11.741256914,40.334393511,10.000000000
2,9.039000000,11.748150261,42.363130423,10.000000000
2,9.039000000,11.755043609,44.395308939,10.000000000
2,9.039000000,11.761936957,46.430477164,10.000000000
2,9.039000000,11.768830304,48.468258488,10.000000000
2,9.039000000,11.775723652,50.508336631,10.000000000
2,9.039000000,11.782617000,52.550444098,10.000000000
2,9.039000000,11.789510348,54.594353167,10.000000000
2,9.039000000,11.796403695,56.639868802,10.000000000
2,9.039000000,11.803297043,58.686823013,10.000000000
2,9.039000000,11.810190391,60.735070347,10.000000000
2,9.039000000,11.817083738,62.784484246,10.000000000
2,9.039000000,11.823977086,64.834954085,10.000000000
2,9.039000000,11.830870434,66.886382752,10.000000000
2,9.039000000,11.837763781,68.938684651,10.000000000
2,9.039000000,11.844657129,70.991784048,10.000000000
2,9.039000000,11.851550477,73.045613698,10.000000000
2,9.039000000,11.858443824,75.100113689,10.000000000
2,9.039000000,11.865337172,77.155230469,10.000000000
2,9.039000000,11.872230520,79.210916033,10.000000000
2,9.039000000,11.879123867,81.267127217,10.000000000
2,9.039000000,11.886017215,83.323825108,10.000000000
2,9.039000000,11.892910563,85.380974534,10.000000000
2,9.039000000,11.899803910,87.438543626,10.000000000
2,9.039000000,11.906697258,89.496503439,10.000000000
2,9.039000000,11.913590606,91.554827624,10.000000000
2,9.039000000,11.920483953,93.613492148,10.000000000
2,9.039000000,11.927377301,95.672475039,10.000000000
2,9.039000000,11.934270649,97.731756177,10.000000000
2,9.039000000,11.941163996,99.791317098,10.000000000
2,9.039000000,11.948057344,101.851140828,10.000000000
2,9.039000000,11.954950692,103.911211739,10.000000000
2,9.039000000,11.961844040,105.971515415,10.000000000
2,9.039000000,11.968737387,108.032038540,10.000000000
2,9.039000000,11.975630735,110.092768790,10.000000000
2,9.039000000,11.982524083,112.153694750,10.000000000
2,9.039000000,11.989417430,114.214805824,10.000000000
2,9.039000000,11.996310778,116.276092169,10.000000000
2,9.039000000,12.003204126,118.337544626,10.000000000
2,9.039000000,12.010097473,120.399154662,10.000000000
2,9.039000000,12.016990821,122.460914318,10.000000000
2,9.039000000,12.023884169,124.522816164,10.000000000
2,9.039000000,12.030777516,126.584853250,10.000000000
2,9.039000000,12.037670864,128.647019074,10.000000000
2,9.039000000,12.044564212,130.709307542,10.000000000
2,9.039000000,12.051457559,132.771712939,10.000000000
2,9.039000000,12.058350907,134.834229900,10.000000000
2,9.039000000,12.065244255,136.896853382,10.000000000
2,9.039000000,12.072137602,138.959578642,10.000000000
2,9.039000000,12.079030950,141.022401214,10.000000000
2,9.039000000,12.085924298,143.085316889,10.000000000
2,9.039000000,12.092817645,145.148321697,10.000000000
2,9.039000000,12.099710993,147.211411892,10.000000000
2,9.039000000,12.106604341,149.274583931,10.000000000
2,9.039000000,12.113497688,151.337834470,10.000000000
2,9.039000000,12.120391036,153.401160339,10.000000000
2,9.039000000,12.127284384,155.464558539,10.000000000
2,9.039000000,12.134177731,157.528026229,10.000000000
2,9.039000000,12.141071079,159.591560713,10.000000000
2,9.039000000,12.147964427,161.655159432,10.000000000
2,9.039000000,12.154857775,163.718819959,10.000000000
2,9.039000000,12.161751122,165.782539984,10.000000000
2,9.039000000,12.168644470,167.846317314,10.000000000
2,9.039000000,12.175537818,169.910149859,10.000000000
2,9.039000000,12.182431165,171.974035633,10.000000000
2,9.039000000,12.189324513,174.037972741,10.000000000
2,9.039000000,12.196217861,176.101959378,10.000000000
2,9.039000000,12.203111208,178.165993824,10.000000000
2,9.039000000,12.210004556,180.230074435,10.000000000
2,9.039000000,12.216897904,182.294199644,10.000000000
2,9.039000000,12.223791251,184.358367952,10.000000000
2,9.039000000,12.230684599,186.422577928,10.000000000
2,9.039000000,12.237577947,188.486828203,10.000000000
2,9.039000000,12.244471294,190.551117468,10.000000000
2,9.039000000,12.251364642,192.615444467,10.000000000
2,9.039000000,12.258257990,194.679808002,10.000000000
2,9.039000000,12.265151337,196.744206923,10.000000000
2,9.039000000,12.272044685,198.808640126,10.000000000
2,9.039000000,12.278938033,200.873106554,10.000000000
2,9.039000000,12.285831380,202.937605195,10.000000000
2,9.039000000,12.292724728,205.002135075,10.000000000
2,9.039000000,12.299618076,207.066695258,10.000000000
2,9.039000000,12.306511423,209.131284849,10.000000000
2,9.039000000,12.313404771,211.195902984,10.000000000
2,9.039000000,12.320298119,213.260548834,10.000000000
2,9.039000000,12.327191466,215.325221602,10.000000000
2,9.039000000,12.334084814,217.389920521,10.000000000
2,9.039000000,12.340978162,219.454644854,10.000000000
2,9.039000000,12.347871510,221.519393888,10.000000000
2,9.039000000,12.354764857,223.584166941,10.000000000
2,9.039000000,12.361658205,225.648963353,10.000000000
2,9.039000000,12.368551553,227.713782487,10.000000000
2,9.039000000,12.375444900,229.778623733,10.000000000
2,9.039000000,12.382338248,231.843486498,10.000000000
2,9.039000000,12.389231596,233.908370214,10.000000000
2,9.039000000,12.396124943,235.973274330,10.000000000
2,9.039000000,12.403018291,238.038198314,10.000000000
2,9.039000000,12.409911639,240.103141656,10.000000000
2,9.039000000,12.416804986,242.168103858,10.000000000
2,9.039000000,12.423698334,244.233084444,10.000000000
2,9.039000000,12.430591682,246.298082950,10.000000000
2,9.039000000,12.437485029,248.363098930,10.000000000
2,9.039000000,12.444378377,250.428131951,10.000000000
2,9.039000000,12.451271725,252.493181596,10.000000000
2,9.039000000,12.458165072,254.558247459,10.000000000
2,9.039000000,12.465058420,256.623329149,10.000000000
2,9.039000000,12.471951768,258.688426287,10.000000000
2,9.039000000,12.478845115,260.753538507,10.000000000
2,9.039000000,12.485738463,262.818665452,10.000000000
2,9.039000000,12.492631811,264.883806778,10.000000000
2,9.039000000,12.499525158,266.948962151,10.000000000
2,9.039000000,12.506418506,269.014131249,10.000000000
2,9.039000000,12.513311854,271.079313756,10.000000000
2,9.039000000,12.520205202,273.144509370,10.000000000
2,9.039000000,12.527098549,275.209717794,10.000000000
2,9.039000000,12.533991897,277.274938744,10.000000000
2,9.039000000,12.540885245,279.340171940,10.000000000
2,9.039000000,12.547778592,281.405417113,10.000000000
2,9.039000000,12.554671940,283.470674002,10.000000000
2,9.039000000,12.561565288,285.535942352,10.000000000
2,9.039000000,12.568458635,287.601221917,10.000000000
2,9.039000000,12.575351983,289.666512456,10.000000000
2,9.039000000,12.582245331,291.731813737,10.000000000
2,9.039000000,12.589138678,293.797125532,10.000000000
2,9.039000000,12.596032026,295.862447623,10.000000000
2,9.039000000,12.602925374,297.927779794,10.000000000
2,9.039000000,12.609818721,299.993121837,10.000000000
2,9.039000000,12.616712069,302.058473550,10.000000000
2,9.039000000,12.623605417,304.123834736,10.000000000
2,9.039000000,12.630498764,306.189205203,10.000000000
2,9.039000000,12.637392112,308.254584765,10.000000000
2,9.039000000,12.644285460,310.319973240,10.000000000
2,9.039000000,12.651178807,312.385370451,10.000000000
2,9.039000000,12.658072155,314.450776226,10.000000000
2,9.039000000,12.664965503,316.516190398,10.000000000
2,9.039000000,12.671858850,318.581612803,10.000000000
2,9.039000000,12.678752198,320.647043282,10.000000000
2,9.039000000,12.685645546,322.712481680,10.000000000
2,9.039000000,12.692538893,324.777927845,10.000000000
2,9.039000000,12.699432241,326.843381632,10.000000000
2,9.039000000,12.706325589,328.908842896,10.000000000
2,9.039000000,12.713218937,330.974311496,10.000000000
2,9.039000000,12.720112284,333.039787298,10.000000000
2,9.039000000,12.727005632,335.105270166,10.000000000
2,9.039000000,12.733898980,337.170759973,10.000000000
2,9.039000000,12.740792327,339.236256590,10.000000000
2,9.039000000,12.747685675,341.301759894,10.000000000
2,9.039000000,12.754579023,343.367269765,10.000000000
2,9.039000000,12.761472370,345.432786085,10.000000000
2,9.039000000,12.768365718,347.498308738,10.000000000
2,9.039000000,12.775259066,349.563837613,10.000000000
2,9.039000000,12.782152413,351.629372600,10.000000000
2,9.039000000,12.789045761,353.694913592,10.000000000
2,9.039000000,12.795939109,355.760460483,10.000000000
2,9.039000000,12.802832456,357.826013173,10.000000000
2,9.039000000,12.809725804,359.891571560,10.000000000
2,9.039000000,12.816619152,361.957135549,10.000000000
2,9.039000000,12.823512499,364.022705042,10.000000000
2,9.039000000,12.830405847,366.088279948,10.000000000
2,9.039000000,12.837299195,368.153860175,10.000000000
2,9.039000000,12.844192542,370.219445633,10.000000000
2,9.039000000,12.851085890,372.285036237,10.000000000
2,9.039000000,12.857979238,374.350631900,10.000000000
2,9.039000000,12.864872585,376.416232539,10.000000000
2,9.039000000,12.871765933,378.481838073,10.000000000
2,9.039000000,12.878659281,380.547448423,10.000000000
2,9.039000000,12.885552629,382.613063509,10.000000000
2,9.039000000,12.892445976,384.678683257,10.000000000
2,9.039000000,12.899339324,386.744307591,10.000000000
2,9.039000000,12.906232672,388.809936438,10.000000000
2,9.039000000,12.913126019,390.875569726,10.000000000
2,9.039000000,12.920019367,392.941207386,10.000000000
2,9.039000000,12.926912715,395.006849349,10.000000000
2,9.039000000,12.933806062,397.072495548,10.000000000
2,9.039000000,12.940699410,399.138145916,10.000000000
2,9.039000000,12.947592758,401.203800391,10.000000000
2,9.039000000,12.954486105,403.269458907,10.000000000
2,9.039000000,12.961379453,405.335121405,10.000000000
2,9.039000000,12.968272801,407.400787823,10.000000000
2,9.039000000,12.975166148,409.466458101,10.000000000
2,9.039000000,12.982059496,411.532132182,10.000000000
2,9.039000000,12.988952844,413.597810009,10.000000000
2,9.039000000,12.995846191,415.663491526,10.000000000
2,9.039000000,13.002739539,417.729176678,10.000000000
2,9.039000000,13.009632887,419.794865411,10.000000000
2,9.039000000,13.016526234,421.860557673,10.000000000
2,9.039000000,13.023419582,423.926253413,10.000000000
2,9.039000000,13.030312930,425.991952579,10.000000000
2,9.039000000,13.037206277,428.057655122,10.000000000
2,9.039000000,13.044099625,430.123360994,10.000000000
2,9.039000000,13.050992973,432.189070146,10.000000000
2,9.039000000,13.057886320,434.254782533,10.000000000
2,9.039000000,13.064779668,436.320498107,10.000000000
2,9.039000000,13.071673016,438.386216824,10.000000000
2,9.039000000,13.078566364,440.451938640,10.000000000
2,9.039000000,13.085459711,442.517663511,10.000000000
2,9.039000000,13.092353059,444.583391394,10.000000000
2,9.039000000,13.099246407,446.649122249,10.000000000
2,9.039000000,13.106139754,448.714856033,10.000000000
2,9.039000000,13.113033102,450.780592707,10.000000000
2,9.039000000,13.119926450,452.846332231,10.000000000
2,9.039000000,13.126819797,454.912074566,10.000000000
2,9.039000000,13.133713145,456.977819675,10.000000000
2,9.039000000,13.140606493,459.043567519,10.000000000
2,9.039000000,13.147499840,461.109318061,10.000000000
2,9.039000000,13.154393188,463.175071267,10.000000000
2,9.039000000,13.161286536,465.240827100,10.000000000
2,9.039000000,13.168179883,467.306585525,10.000000000
2,9.039000000,13.175073231,469.372346509,10.000000000
2,9.039000000,13.181966579,471.438110017,10.000000000
2,9.039000000,13.188859926,473.503876016,10.000000000
2,9.039000000,13.195753274,475.569644475,10.000000000
2,9.039000000,13.202646622,477.635415361,10.000000000
2,9.039000000,13.209539969,479.701188643,10.000000000
2,9.039000000,13.216433317,481.766964289,10.000000000
2,9.039000000,13.223326665,483.832742271,10.000000000
2,9.039000000,13.230220012,485.898522557,10.000000000
2,9.039000000,13.237113360,487.964305119,10.000000000
2,9.039000000,13.244006708,490.030089928,10.000000000
2,9.039000000,13.250900056,492.095876955,10.000000000
2,9.039000000,13.257793403,494.161666174,10.000000000
2,9.039000000,13.264686751,496.227457555,10.000000000
3,11.610000000,3.614000000,34.073190878,10.000000000
3,11.610000000,3.620893348,34.045241306,10.000000000
3,11.610000000,3.627786695,34.017289633,10.000000000
3,11.610000000,3.634680043,33.989335859,10.000000000
3,11.610000000,3.641573391,33.961379986,10.000000000
3,11.610000000,3.648466738,33.933422015,10.000000000
3,11.610000000,3.655360086,33.905461946,10.000000000
3,11.610000000,3.662253434,33.877499781,10.000000000
3,11.610000000,3.669146781,33.849535522,10.000000000
3,11.610000000,3.676040129,33.821569168,10.000000000
3,11.610000000,3.682933477,33.793600723,10.000000000
3,11.610000000,3.689826824,33.765630185,10.000000000
3,11.610000000,3.696720172,33.737657558,10.000000000
3,11.610000000,3.703613520,33.709682841,10.000000000
3,11.610000000,3.710506868,33.681706037,10.000000000
3,11.610000000,3.717400215,33.653727146,10.000000000
3,11.610000000,3.724293563,33.625746170,10.000000000
3,11.610000000,3.731186911,33.597763109,10.000000000
3,11.610000000,3.738080258,33.569777966,10.000000000
3,11.610000000,3.744973606,33.541790741,10.000000000
3,11.610000000,3.751866954,33.513801435,10.000000000
3,11.610000000,3.758760301,33.485810050,10.000000000
3,11.610000000,3.765653649,33.457816587,10.000000000
3,11.610000000,3.772546997,33.429821048,10.000000000
3,11.610000000,3.779440344,33.401823433,10.000000000
3,11.610000000,3.786333692,33.373823744,10.000000000
3,11.610000000,3.793227040,33.345821982,10.000000000
3,11.610000000,3.800120387,33.317818149,10.000000000
3,11.610000000,3.807013735,33.289812245,10.000000000
3,11.610000000,3.813907083,33.261804273,10.000000000
3,11.610000000,3.820800430,33.233794233,10.000000000
3,11.610000000,3.827693778,33.205782127,10.000000000
3,11.610000000,3.834587126,33.177767955,10.000000000
3,11.610000000,3.841480473,33.149751721,10.000000000
3,11.610000000,3.848373821,33.121733424,10.000000000
3,11.610000000,3.855267169,33.093713066,10.000000000
3,11.610000000,3.862160516,33.065690649,10.000000000
3,11.610000000,3.869053864,33.037666174,10.000000000
3,11.610000000,3.875947212,33.009639643,10.000000000
3,11.610000000,3.882840559,32.981611056,10.000000000
3,11.610000000,3.889733907,32.953580415,10.000000000
3,11.610000000,3.896627255,32.925547722,10.000000000
3,11.610000000,3.903520603,32.897512978,10.000000000
3,11.610000000,3.910413950,32.869476185,10.000000000
3,11.610000000,3.917307298,32.841437343,10.000000000
3,11.610000000,3.924200646,32.813396455,10.000000000
3,11.610000000,3.931093993,32.785353522,10.000000000
3,11.610000000,3.937987341,32.757308545,10.000000000
3,11.610000000,3.944880689,32.729261526,10.000000000
3,11.610000000,3.951774036,32.701212467,10.000000000
3,11.610000000,3.958667384,32.673161368,10.000000000
3,11.610000000,3.965560732,32.645108232,10.000000000
3,11.610000000,3.972454079,32.617053059,10.000000000
3,11.610000000,3.979347427,32.588995852,10.000000000
3,11.610000000,3.986240775,32.560936612,10.000000000
3,11.610000000,3.993134122,32.532875341,10.000000000
3,11.610000000,4.000027470,32.504812040,10.000000000
3,11.610000000,4.006920818,32.476746710,10.000000000
3,11.610000000,4.013814165,32.448679354,10.000000000
3,11.610000000,4.020707513,32.420609972,10.000000000
3,11.610000000,4.027600861,32.392538567,10.000000000
3,11.610000000,4.034494208,32.364465140,10.000000000
3,11.610000000,4.041387556,32.336389693,10.000000000
3,11.610000000,4.048280904,32.308312228,10.000000000
3,11.610000000,4.055174251,32.280232745,10.000000000
3,11.610000000,4.062067599,32.252151247,10.000000000
3,11.610000000,4.068960947,32.224067735,10.000000000
3,11.610000000,4.075854295,32.195982211,10.000000000
3,11.610000000,4.082747642,32.167894677,10.000000000
3,11.610000000,4.089640990,32.139805134,10.000000000
3,11.610000000,4.096534338,32.111713584,10.000000000
3,11.610000000,4.103427685,32.083620029,10.000000000
3,11.610000000,4.110321033,32.055524471,10.000000000
3,11.610000000,4.117214381,32.027426911,10.000000000
3,11.610000000,4.124107728,31.999327350,10.000000000
3,11.610000000,4.131001076,31.971225792,10.000000000
3,11.610000000,4.137894424,31.943122237,10.000000000
3,11.610000000,4.144787771,31.915016687,10.000000000
3,11.610000000,4.151681119,31.886909145,10.000000000
3,11.610000000,4.158574467,31.858799611,10.000000000
3,11.610000000,4.165467814,31.830688088,10.000000000
3,11.610000000,4.172361162,31.802574578,10.000000000
3,11.610000000,4.179254510,31.774459082,10.000000000
3,11.610000000,4.186147857,31.746341602,10.000000000
3,11.610000000,4.193041205,31.718222140,10.000000000
3,11.610000000,4.199934553,31.690100699,10.000000000
3,11.610000000,4.206827900,31.661977279,10.000000000
3,11.610000000,4.213721248,31.633851882,10.000000000
3,11.610000000,4.220614596,31.605724511,10.000000000
3,11.610000000,4.227507943,31.577595168,10.000000000
3,11.610000000,4.234401291,31.549463854,10.000000000
3,11.610000000,4.241294639,31.521330572,10.000000000
3,11.610000000,4.248187986,31.493195323,10.000000000
3,11.610000000,4.255081334,31.465058109,10.000000000
3,11.610000000,4.261974682,31.436918932,10.000000000
3,11.610000000,4.268868030,31.408777795,10.000000000
3,11.610000000,4.275761377,31.380634699,10.000000000
3,11.610000000,4.282654725,31.352489646,10.000000000
3,11.610000000,4.289548073,31.324342638,10.000000000
3,11.610000000,4.296441420,31.296193677,10.000000000
3,11.610000000,4.303334768,31.268042766,10.000000000
3,11.610000000,4.310228116,31.239889906,10.000000000
3,11.610000000,4.317121463,31.211735099,10.000000000
3,11.610000000,4.324014811,31.183578351,10.000000000
3,11.610000000,4.330908159,31.155419754,10.000000000
3,11.610000000,4.337801506,31.127259217,10.000000000
3,11.610000000,4.344694854,31.099096742,10.000000000
3,11.610000000,4.351588202,31.070932332,10.000000000
3,11.610000000,4.358481549,31.042765987,10.000000000
3,11.610000000,4.365374897,31.014597710,10.000000000
3,11.610000000,4.372268245,30.986427505,10.000000000
3,11.610000000,4.379161592,30.958255371,10.000000000
3,11.610000000,4.386054940,30.930081313,10.000000000
3,11.610000000,4.392948288,30.901905331,10.000000000
3,11.610000000,4.399841635,30.873727429,10.000000000
3,11.610000000,4.406734983,30.845547608,10.000000000
3,11.610000000,4.413628331,30.817365871,10.000000000
3,11.610000000,4.420521678,30.789182220,10.000000000
3,11.610000000,4.427415026,30.760996657,10.000000000
3,11.610000000,4.434308374,30.732809185,10.000000000
3,11.610000000,4.441201722,30.704619805,10.000000000
3,11.610000000,4.448095069,30.676428521,10.000000000
3,11.610000000,4.454988417,30.648235334,10.000000000
3,11.610000000,4.461881765,30.620040247,10.000000000
3,11.610000000,4.468775112,30.591843261,10.000000000
3,11.610000000,4.475668460,30.563644381,10.000000000
3,11.610000000,4.482561808,30.535443607,10.000000000
3,11.610000000,4.489455155,30.507240942,10.000000000
3,11.610000000,4.496348503,30.479036389,10.000000000
3,11.610000000,4.503241851,30.450829949,10.000000000
3,11.610000000,4.510135198,30.422621627,10.000000000
3,11.610000000,4.517028546,30.394411423,10.000000000
3,11.610000000,4.523921894,30.366199340,10.000000000
3,11.610000000,4.530815241,30.337985382,10.000000000
3,11.610000000,4.537708589,30.309769549,10.000000000
3,11.610000000,4.544601937,30.281551846,10.000000000
3,11.610000000,4.551495284,30.253332273,10.000000000
3,11.610000000,4.558388632,30.225110835,10.000000000
3,11.610000000,4.565281980,30.196887533,10.000000000
3,11.610000000,4.572175327,30.168662369,10.000000000
3,11.610000000,4.579068675,30.140435348,10.000000000
3,11.610000000,4.585962023,30.112206470,10.000000000
3,11.610000000,4.592855370,30.083975739,10.000000000
3,11.610000000,4.599748718,30.055743157,10.000000000
3,11.610000000,4.606642066,30.027508727,10.000000000
3,11.610000000,4.613535413,29.999272452,10.000000000
3,11.610000000,4.620428761,29.971034334,10.000000000
3,11.610000000,4.627322109,29.942794376,10.000000000
3,11.610000000,4.634215457,29.914552580,10.000000000
3,11.610000000,4.641108804,29.886308950,10.000000000
3,11.610000000,4.648002152,29.858063487,10.000000000
3,11.610000000,4.654895500,29.829816196,10.000000000
3,11.610000000,4.661788847,29.801567077,10.000000000
3,11.610000000,4.668682195,29.773316136,10.000000000
3,11.610000000,4.675575543,29.745063373,10.000000000
3,11.610000000,4.682468890,29.716808791,10.000000000
3,11.610000000,4.689362238,29.688552395,10.000000000
3,11.610000000,4.696255586,29.660294186,10.000000000
3,11.610000000,4.703148933,29.632034167,10.000000000
3,11.610000000,4.710042281,29.603772342,10.000000000
3,11.610000000,4.716935629,29.575508712,10.000000000
3,11.610000000,4.723828976,29.547243281,10.000000000
3,11.610000000,4.730722324,29.518976053,10.000000000
3,11.610000000,4.737615672,29.490707029,10.000000000
3,11.610000000,4.744509019,29.462436212,10.000000000
3,11.610000000,4.751402367,29.434163607,10.000000000
3,11.610000000,4.758295715,29.405889215,10.000000000
3,11.610000000,4.765189062,29.377613039,10.000000000
3,11.610000000,4.772082410,29.349335084,10.000000000
3,11.610000000,4.778975758,29.321055350,10.000000000
3,11.610000000,4.785869105,29.292773843,10.000000000
3,11.610000000,4.792762453,29.264490564,10.000000000
3,11.610000000,4.799655801,29.236205518,10.000000000
3,11.610000000,4.806549149,29.207918706,10.000000000
3,11.610000000,4.813442496,29.179630132,10.000000000
3,11.610000000,4.820335844,29.151339799,10.000000000
3,11.610000000,4.827229192,29.123047711,10.000000000
3,11.610000000,4.834122539,29.094753870,10.000000000
3,11.610000000,4.841015887,29.066458280,10.000000000
3,11.610000000,4.847909235,29.038160944,10.000000000
3,11.610000000,4.854802582,29.009861865,10.000000000
3,11.610000000,4.861695930,28.981561046,10.000000000
3,11.610000000,4.868589278,28.953258491,10.000000000
3,11.610000000,4.875482625,28.924954202,10.000000000
3,11.610000000,4.882375973,28.896648184,10.000000000
3,11.610000000,4.889269321,28.868340439,10.000000000
3,11.610000000,4.896162668,28.840030971,10.000000000
3,11.610000000,4.903056016,28.811719783,10.000000000
3,11.610000000,4.909949364,28.783406878,10.000000000
3,11.610000000,4.916842711,28.755092261,10.000000000
3,11.610000000,4.923736059,28.726775933,10.000000000
3,11.610000000,4.930629407,28.698457900,10.000000000
3,11.610000000,4.937522754,28.670138163,10.000000000
3,11.610000000,4.944416102,28.641816727,10.000000000
3,11.610000000,4.951309450,28.613493595,10.000000000
3,11.610000000,4.958202797,28.585168770,10.000000000
3,11.610000000,4.965096145,28.556842257,10.000000000
3,11.610000000,4.971989493,28.528514066,10.000000000
3,11.610000000,4.978882840,28.500184303,10.000000000
3,11.610000000,4.985776188,28.471852862,10.000000000
3,11.610000000,4.992669536,28.443519747,10.000000000
3,11.610000000,4.999562884,28.415184961,10.000000000
3,11.610000000,5.006456231,28.386848508,10.000000000
3,11.610000000,5.013349579,28.358510390,10.000000000
3,11.610000000,5.020242927,28.330170613,10.000000000
3,11.610000000,5.027136274,28.301829180,10.000000000
3,11.610000000,5.034029622,28.273486094,10.000000000
3,11.610000000,5.040922970,28.245141360,10.000000000
3,11.610000000,5.047816317,28.216794980,10.000000000
3,11.610000000,5.054709665,28.188446959,10.000000000
3,11.610000000,5.061603013,28.160097300,10.000000000
3,11.610000000,5.068496360,28.131746008,10.000000000
3,11.610000000,5.075389708,28.103393087,10.000000000
3,11.610000000,5.082283056,28.075038539,10.000000000
3,11.610000000,5.089176403,28.046682369,10.000000000
3,11.610000000,5.096069751,28.018324581,10.000000000
3,11.610000000,5.102963099,27.989965179,10.000000000
3,11.610000000,5.109856446,27.961604166,10.000000000
3,11.610000000,5.116749794,27.933241548,10.000000000
3,11.610000000,5.123643142,27.904877326,10.000000000
3,11.610000000,5.130536489,27.876511507,10.000000000
3,11.610000000,5.137429837,27.848144094,10.000000000
3,11.610000000,5.144323185,27.819775090,10.000000000
3,11.610000000,5.151216532,27.791404500,10.000000000
3,11.610000000,5.158109880,27.763032328,10.000000000
3,11.610000000,5.165003228,27.734658578,10.000000000
3,11.610000000,5.171896575,27.706283255,10.000000000
3,11.610000000,5.178789923,27.677906362,10.000000000
3,11.610000000,5.185683271,27.649527904,10.000000000
3,11.610000000,5.192576619,27.621147884,10.000000000
3,11.610000000,5.199469966,27.592766308,10.000000000
3,11.610000000,5.206363314,27.564383179,10.000000000
3,11.610000000,5.213256662,27.535998502,10.000000000
3,11.610000000,5.220150009,27.507612280,10.000000000
3,11.610000000,5.227043357,27.479224519,10.000000000
3,11.610000000,5.233936705,27.450835223,10.000000000
3,11.610000000,5.240830052,27.422444396,10.000000000
3,11.610000000,5.247723400,27.394052042,10.000000000
3,11.610000000,5.254616748,27.365658167,10.000000000
3,11.610000000,5.261510095,27.337262773,10.000000000
3,11.610000000,5.268403443,27.308865867,10.000000000
3,11.610000000,5.275296791,27.280467452,10.000000000
3,11.610000000,5.282190138,27.252067533,10.000000000
3,11.610000000,5.289083486,27.223666114,10.000000000
3,11.610000000,5.295976834,27.195263200,10.000000000
3,11.610000000,5.302870181,27.166858797,10.000000000
3,11.610000000,5.309763529,27.138452907,10.000000000
3,11.610000000,5.316656877,27.110045536,10.000000000
3,11.610000000,5.323550224,27.081636689,10.000000000
3,11.610000000,5.330443572,27.053226371,10.000000000
3,11.610000000,5.337336920,27.024814585,10.000000000
3,11.610000000,5.344230267,26.996401337,10.000000000
3,11.610000000,5.351123615,26.967986632,10.000000000
3,11.610000000,5.358016963,26.939570475,10.000000000
3,11.610000000,5.364910311,26.911152870,10.000000000
3,11.610000000,5.371803658,26.882733822,10.000000000
3,11.610000000,5.378697006,26.854313336,10.000000000
3,11.610000000,5.385590354,26.825891417,10.000000000
3,11.610000000,5.392483701,26.797468070,10.000000000
3,11.610000000,5.399377049,26.769043300,10.000000000
3,11.610000000,5.406270397,26.740617112,10.000000000
3,11.610000000,5.413163744,26.712189511,10.000000000
3,11.610000000,5.420057092,26.683760502,10.000000000
3,11.610000000,5.426950440,26.655330090,10.000000000
3,11.610000000,5.433843787,26.626898281,10.000000000
3,11.610000000,5.440737135,26.598465079,10.000000000
3,11.610000000,5.447630483,26.570030489,10.000000000
3,11.610000000,5.454523830,26.541594518,10.000000000
3,11.610000000,5.461417178,26.513157169,10.000000000
3,11.610000000,5.468310526,26.484718449,10.000000000
3,11.610000000,5.475203873,26.456278449,10.000000000
3,11.610000000,5.482097221,26.427837140,10.000000000
3,11.610000000,5.488990569,26.399394475,10.000000000
3,11.610000000,5.495883916,26.370950460,10.000000000
3,11.610000000,5.502777264,26.342505100,10.000000000
3,11.610000000,5.509670612,26.314058400,10.000000000
3,11.610000000,5.516563959,26.285610367,10.000000000
3,11.610000000,5.523457307,26.257161005,10.000000000
3,11.610000000,5.530350655,26.228710320,10.000000000
3,11.610000000,5.537244002,26.200258318,10.000000000
3,11.610000000,5.544137350,26.171805005,10.000000000
3,11.610000000,5.551030698,26.143350385,10.000000000
3,11.610000000,5.557924046,26.114894465,10.000000000
3,11.610000000,5.564817393,26.086437250,10.000000000
3,11.610000000,5.571710741,26.057978746,10.000000000
3,11.610000000,5.578604089,26.029518959,10.000000000
3,11.610000000,5.585497436,26.001057895,10.000000000
3,11.610000000,5.592390784,25.972595558,10.000000000
3,11.610000000,5.599284132,25.944131956,10.000000000
3,11.610000000,5.606177479,25.915667094,10.000000000
3,11.610000000,5.613070827,25.887200978,10.000000000
3,11.610000000,5.619964175,25.858733614,10.000000000
3,11.610000000,5.626857522,25.830265007,10.000000000
3,11.610000000,5.633750870,25.801795165,10.000000000
3,11.610000000,5.640644218,25.773324092,10.000000000
3,11.610000000,5.647537565,25.744851795,10.000000000
3,11.610000000,5.654430913,25.716378281,10.000000000
3,11.610000000,5.661324261,25.687903555,10.000000000
3,11.610000000,5.668217608,25.659427623,10.000000000
3,11.610000000,5.675110956,25.630950492,10.000000000
3,11.610000000,5.682004304,25.602472168,10.000000000
3,11.610000000,5.688897651,25.573992656,10.000000000
3,11.610000000,5.695790999,25.545511965,10.000000000
3,11.610000000,5.702684347,25.517030099,10.000000000
3,11.610000000,5.709577694,25.488547066,10.000000000
3,11.610000000,5.716471042,25.460062871,10.000000000
3,11.610000000,5.723364390,25.431577521,10.000000000
3,11.610000000,5.730257738,25.403091023,10.000000000
3,11.610000000,5.737151085,25.374603383,10.000000000
3,11.610000000,5.744044433,25.346114608,10.000000000
3,11.610000000,5.750937781,25.317624704,10.000000000
3,11.610000000,5.757831128,25.289133678,10.000000000
3,11.610000000,5.764724476,25.260641536,10.000000000
3,11.610000000,5.771617824,25.232148286,10.000000000
3,11.610000000,5.778511171,25.203653934,10.000000000
3,11.610000000,5.785404519,25.175158487,10.000000000
3,11.610000000,5.792297867,25.146661952,10.000000000
3,11.610000000,5.799191214,25.118164335,10.000000000
3,11.610000000,5.806084562,25.089665644,10.000000000
3,11.610000000,5.812977910,25.061165885,10.000000000
3,11.610000000,5.819871257,25.032665066,10.000000000
3,11.610000000,5.826764605,25.004163193,10.000000000
3,11.610000000,5.833657953,24.975660273,10.000000000
3,11.610000000,5.840551300,24.947156315,10.000000000
3,11.610000000,5.847444648,24.918651323,10.000000000
3,11.610000000,5.854337996,24.890145307,10.000000000
3,11.610000000,5.861231343,24.861638273,10.000000000
3,11.610000000,5.868124691,24.833130229,10.000000000
3,11.610000000,5.875018039,24.804621258,10.000000000
3,11.610000000,5.881911386,24.776111373,10.000000000
3,11.610000000,5.888804734,24.747600499,10.000000000
3,11.610000000,5.895698082,24.719088644,10.000000000
3,11.610000000,5.902591429,24.690575815,10.000000000
3,11.610000000,5.909484777,24.662062021,10.000000000
3,11.610000000,5.916378125,24.633547268,10.000000000
3,11.610000000,5.923271473,24.605031564,10.000000000
3,11.610000000,5.930164820,24.576514918,10.000000000
3,11.610000000,5.937058168,24.547997335,10.000000000
3,11.610000000,5.943951516,24.519478825,10.000000000
3,11.610000000,5.950844863,24.490959395,10.000000000
3,11.610000000,5.957738211,24.462439052,10.000000000
3,11.610000000,5.964631559,24.433917805,10.000000000
3,11.610000000,5.971524906,24.405395662,10.000000000
3,11.610000000,5.978418254,24.376872630,10.000000000
3,11.610000000,5.985311602,24.348348718,10.000000000
3,11.610000000,5.992204949,24.319823933,10.000000000
3,11.610000000,5.999098297,24.291298284,10.000000000
3,11.610000000,6.005991645,24.262771778,10.000000000
3,11.610000000,6.012884992,24.234244425,10.000000000
3,11.610000000,6.019778340,24.205716231,10.000000000
3,11.610000000,6.026671688,24.177187206,10.000000000
3,11.610000000,6.033565035,24.148657357,10.000000000
3,11.610000000,6.040458383,24.120126694,10.000000000
3,11.610000000,6.047351731,24.091595224,10.000000000
3,11.610000000,6.054245078,24.063062955,10.000000000
3,11.610000000,6.061138426,24.034529898,10.000000000
3,11.610000000,6.068031774,24.005996059,10.000000000
3,11.610000000,6.074925121,23.977461447,10.000000000
3,11.610000000,6.081818469,23.948926072,10.000000000
3,11.610000000,6.088711817,23.920389942,10.000000000
3,11.610000000,6.095605165,23.891853065,10.000000000
3,11.610000000,6.102498512,23.863315451,10.000000000
3,11.610000000,6.109391860,23.834777108,10.000000000
3,11.610000000,6.116285208,23.806238045,10.000000000
3,11.610000000,6.123178555,23.777698271,10.000000000
3,11.610000000,6.130071903,23.749157795,10.000000000
3,11.610000000,6.136965251,23.720616626,10.000000000
3,11.610000000,6.143858598,23.692074774,10.000000000
3,11.610000000,6.150751946,23.663532247,10.000000000
3,11.610000000,6.157645294,23.634989054,10.000000000
3,11.610000000,6.164538641,23.606445206,10.000000000
3,11.610000000,6.171431989,23.577900710,10.000000000
3,11.610000000,6.178325337,23.549355578,10.000000000
3,11.610000000,6.185218684,23.520809817,10.000000000
3,11.610000000,6.192112032,23.492263437,10.000000000
3,11.610000000,6.199005380,23.463716448,10.000000000
3,11.610000000,6.205898727,23.435168945,10.000000000
3,11.610000000,6.212792075,23.406620945,10.000000000
3,11.610000000,6.219685423,23.378072365,10.000000000
3,11.610000000,6.226578770,23.349523214,10.000000000
3,11.610000000,6.233472118,23.320973504,10.000000000
3,11.610000000,6.240365466,23.292423242,10.000000000
3,11.610000000,6.247258813,23.263872440,10.000000000
3,11.610000000,6.254152161,23.235321107,10.000000000
3,11.610000000,6.261045509,23.206769254,10.000000000
3,11.610000000,6.267938856,23.178216890,10.000000000
3,11.610000000,6.274832204,23.149664025,10.000000000
3,11.610000000,6.281725552,23.121110671,10.000000000
3,11.610000000,6.288618900,23.092556836,10.000000000
3,11.610000000,6.295512247,23.064002532,10.000000000
3,11.610000000,6.302405595,23.035447768,10.000000000
3,11.610000000,6.309298943,23.006892556,10.000000000
3,11.610000000,6.316192290,22.978336905,10.000000000
3,11.610000000,6.323085638,22.949780826,10.000000000
3,11.610000000,6.329978986,22.921224331,10.000000000
3,11.610000000,6.336872333,22.892667428,10.000000000
3,11.610000000,6.343765681,22.864110131,10.000000000
3,11.610000000,6.350659029,22.835552448,10.000000000
3,11.610000000,6.357552376,22.806994391,10.000000000
3,11.610000000,6.364445724,22.778435971,10.000000000
3,11.610000000,6.371339072,22.749877199,10.000000000
3,11.610000000,6.378232419,22.721318086,10.000000000
3,11.610000000,6.385125767,22.692758643,10.000000000
3,11.610000000,6.392019115,22.664198881,10.000000000
3,11.610000000,6.398912462,22.635638812,10.000000000
3,11.610000000,6.405805810,22.607078446,10.000000000
3,11.610000000,6.412699158,22.578517796,10.000000000
3,11.610000000,6.419592505,22.549956872,10.000000000
3,11.610000000,6.426485853,22.521395687,10.000000000
3,11.610000000,6.433379201,22.492834251,10.000000000
3,11.610000000,6.440272548,22.464272577,10.000000000
3,11.610000000,6.447165896,22.435710676,10.000000000
3,11.610000000,6.454059244,22.407148560,10.000000000
3,11.610000000,6.460952592,22.378586241,10.000000000
3,11.610000000,6.467845939,22.350023730,10.000000000
3,11.610000000,6.474739287,22.321461041,10.000000000
3,11.610000000,6.481632635,22.292898184,10.000000000
3,11.610000000,6.488525982,22.264335368,10.000000000
3,11.610000000,6.495419330,22.235772410,10.000000000
3,11.610000000,6.502312678,22.207209322,10.000000000
3,11.610000000,6.509206025,22.178646117,10.000000000
3,11.610000000,6.516099373,22.150082805,10.000000000
3,11.610000000,6.522992721,22.121519401,10.000000000
3,11.610000000,6.529886068,22.092955916,10.000000000
3,11.610000000,6.536779416,22.064392364,10.000000000
3,11.610000000,6.543672764,22.035828756,10.000000000
3,11.610000000,6.550566111,22.007265106,10.000000000
3,11.610000000,6.557459459,21.978701427,10.000000000
3,11.610000000,6.564352807,21.950137731,10.000000000
3,11.610000000,6.571246154,21.921574032,10.000000000
3,11.610000000,6.578139502,21.893010343,10.000000000
3,11.610000000,6.585032850,21.864446676,10.000000000
3,11.610000000,6.591926197,21.835883045,10.000000000
3,11.610000000,6.598819545,21.807319464,10.000000000
3,11.610000000,6.605712893,21.778755946,10.000000000
3,11.610000000,6.612606240,21.750192505,10.000000000
3,11.610000000,6.619499588,21.721629153,10.000000000
3,11.610000000,6.626392936,21.693065905,10.000000000
3,11.610000000,6.633286283,21.664502774,10.000000000
3,11.610000000,6.640179631,21.635939774,10.000000000
3,11.610000000,6.647072979,21.607376920,10.000000000
3,11.610000000,6.653966327,21.578814225,10.000000000
3,11.610000000,6.660859674,21.550251703,10.000000000
3,11.610000000,6.667753022,21.521689368,10.000000000
3,11.610000000,6.674646370,21.493127234,10.000000000
3,11.610000000,6.681539717,21.464565317,10.000000000
3,11.610000000,6.688433065,21.436003630,10.000000000
3,11.610000000,6.695326413,21.407442188,10.000000000
3,11.610000000,6.702219760,21.378881005,10.000000000
3,11.610000000,6.709113108,21.350320096,10.000000000
3,11.610000000,6.716006456,21.321759476,10.000000000
3,11.610000000,6.722899803,21.293199223,10.000000000
3,11.610000000,6.729793151,21.264639442,10.000000000
3,11.610000000,6.736686499,21.236079994,10.000000000
3,11.610000000,6.743579846,21.207520896,10.000000000
3,11.610000000,6.750473194,21.178962162,10.000000000
3,11.610000000,6.757366542,21.150403808,10.000000000
3,11.610000000,6.764259889,21.121845849,10.000000000
3,11.610000000,6.771153237,21.093288300,10.000000000
3,11.610000000,6.778046585,21.064731177,10.000000000
3,11.610000000,6.784939932,21.036174496,10.000000000
3,11.610000000,6.791833280,21.007618272,10.000000000
3,11.610000000,6.798726628,20.979062521,10.000000000
3,11.610000000,6.805619975,20.950507260,10.000000000
3,11.610000000,6.812513323,20.921952505,10.000000000
3,11.610000000,6.819406671,20.893398270,10.000000000
3,11.610000000,6.826300019,20.864844574,10.000000000
3,11.610000000,6.833193366,20.836291432,10.000000000
3,11.610000000,6.840086714,20.807738860,10.000000000
3,11.610000000,6.846980062,20.779186875,10.000000000
3,11.610000000,6.853873409,20.750635495,10.000000000
3,11.610000000,6.860766757,20.722084735,10.000000000
3,11.610000000,6.867660105,20.693534612,10.000000000
3,11.610000000,6.874553452,20.664985144,10.000000000
3,11.610000000,6.881446800,20.636436347,10.000000000
3,11.610000000,6.888340148,20.607888239,10.000000000
3,11.610000000,6.895233495,20.579340837,10.000000000
3,11.610000000,6.902126843,20.550794158,10.000000000
3,11.610000000,6.909020191,20.522248220,10.000000000
3,11.610000000,6.915913538,20.493703040,10.000000000
3,11.610000000,6.922806886,20.465158637,10.000000000
3,11.610000000,6.929700234,20.436615062,10.000000000
3,11.610000000,6.936593581,20.408072500,10.000000000
3,11.610000000,6.943486929,20.379530768,10.000000000
3,11.610000000,6.950380277,20.350989885,10.000000000
3,11.610000000,6.957273624,20.322449868,10.000000000
3,11.610000000,6.964166972,20.293910736,10.000000000
3,11.610000000,6.971060320,20.265372507,10.000000000
3,11.610000000,6.977953667,20.236835201,10.000000000
3,11.610000000,6.984847015,20.208298835,10.000000000
3,11.610000000,6.991740363,20.179763429,10.000000000
3,11.610000000,6.998633710,20.151229001,10.000000000
3,11.610000000,7.005527058,20.122695571,10.000000000
3,11.610000000,7.012420406,20.094163158,10.000000000
3,11.610000000,7.019313754,20.065631781,10.000000000
3,11.610000000,7.026207101,20.037101460,10.000000000
3,11.610000000,7.033100449,20.008572214,10.000000000
3,11.610000000,7.039993797,19.980044062,10.000000000
3,11.610000000,7.046887144,19.951517025,10.000000000
3,11.610000000,7.053780492,19.922991123,10.000000000
3,11.610000000,7.060673840,19.894466375,10.000000000
3,11.610000000,7.067567187,19.865942801,10.000000000
3,11.610000000,7.074460535,19.837420423,10.000000000
3,11.610000000,7.081353883,19.808899260,10.000000000
3,11.610000000,7.088247230,19.780379334,10.000000000
3,11.610000000,7.095140578,19.751860663,10.000000000
3,11.610000000,7.102033926,19.723343271,10.000000000
3,11.610000000,7.108927273,19.694827176,10.000000000
3,11.610000000,7.115820621,19.666312576,10.000000000
3,11.610000000,7.122713969,19.637799397,10.000000000
3,11.610000000,7.129607316,19.609287580,10.000000000
3,11.610000000,7.136500664,19.580777147,10.000000000
3,11.610000000,7.143394012,19.552268119,10.000000000
3,11.610000000,7.150287359,19.523760519,10.000000000
3,11.610000000,7.157180707,19.495254367,10.000000000
3,11.610000000,7.164074055,19.466749687,10.000000000
3,11.610000000,7.170967402,19.438246500,10.000000000
3,11.610000000,7.177860750,19.409744828,10.000000000
3,11.610000000,7.184754098,19.381244695,10.000000000
3,11.610000000,7.191647446,19.352746121,10.000000000
3,11.610000000,7.198540793,19.324249132,10.000000000
3,11.610000000,7.205434141,19.295753748,10.000000000
3,11.610000000,7.212327489,19.267259994,10.000000000
3,11.610000000,7.219220836,19.238767892,10.000000000
3,11.610000000,7.226114184,19.210277466,10.000000000
3,11.610000000,7.233007532,19.181788739,10.000000000
3,11.610000000,7.239900879,19.153301734,10.000000000
3,11.610000000,7.246794227,19.124816477,10.000000000
3,11.610000000,7.253687575,19.096332990,10.000000000
3,11.610000000,7.260580922,19.067851297,10.000000000
3,11.610000000,7.267474270,19.039371423,10.000000000
3,11.610000000,7.274367618,19.010893458,10.000000000
3,11.610000000,7.281260965,18.982417569,10.000000000
3,11.610000000,7.288154313,18.953943573,10.000000000
3,11.610000000,7.295047661,18.925471495,10.000000000
3,11.610000000,7.301941008,18.897001359,10.000000000
3,11.610000000,7.308834356,18.868533191,10.000000000
3,11.610000000,7.315727704,18.840067017,10.000000000
3,11.610000000,7.322621051,18.811602861,10.000000000
3,11.610000000,7.329514399,18.783140750,10.000000000
3,11.610000000,7.336407747,18.754680708,10.000000000
3,11.610000000,7.343301094,18.726222764,10.000000000
3,11.610000000,7.350194442,18.697766941,10.000000000
3,11.610000000,7.357087790,18.669313268,10.000000000
3,11.610000000,7.363981137,18.640861770,10.000000000
3,11.610000000,7.370874485,18.612412474,10.000000000
3,11.610000000,7.377767833,18.583965407,10.000000000
3,11.610000000,7.384661181,18.555520596,10.000000000
3,11.610000000,7.391554528,18.527078068,10.000000000
3,11.610000000,7.398447876,18.498637851,10.000000000
3,11.610000000,7.405341224,18.470199972,10.000000000
3,11.610000000,7.412234571,18.441764459,10.000000000
3,11.610000000,7.419127919,18.413331428,10.000000000
3,11.610000000,7.426021267,18.384901024,10.000000000
3,11.610000000,7.432914614,18.356473071,10.000000000
3,11.610000000,7.439807962,18.328047597,10.000000000
3,11.610000000,7.446701310,18.299624632,10.000000000
3,11.610000000,7.453594657,18.271204203,10.000000000
3,11.610000000,7.460488005,18.242786340,10.000000000
3,11.610000000,7.467381353,18.214371072,10.000000000
3,11.610000000,7.474274700,18.185958429,10.000000000
3,11.610000000,7.481168048,18.157548441,10.000000000
3,11.610000000,7.488061396,18.129141137,10.000000000
3,11.610000000,7.494954743,18.100736547,10.000000000
3,11.610000000,7.501848091,18.072334701,10.000000000
3,11.610000000,7.508741439,18.043935630,10.000000000
3,11.610000000,7.515634786,18.015539366,10.000000000
3,11.610000000,7.522528134,17.987145937,10.000000000
3,11.610000000,7.529421482,17.958755377,10.000000000
3,11.610000000,7.536314829,17.930367715,10.000000000
3,11.610000000,7.543208177,17.901982983,10.000000000
3,11.610000000,7.550101525,17.873601360,10.000000000
3,11.610000000,7.556994872,17.845222897,10.000000000
3,11.610000000,7.563888220,17.816847460,10.000000000
3,11.610000000,7.570781568,17.788475082,10.000000000
3,11.610000000,7.577674916,17.760105795,10.000000000
3,11.610000000,7.584568263,17.731739633,10.000000000
3,11.610000000,7.591461611,17.703376627,10.000000000
3,11.610000000,7.598354959,17.675016813,10.000000000
3,11.610000000,7.605248306,17.646660222,10.000000000
3,11.610000000,7.612141654,17.618306888,10.000000000
3,11.610000000,7.619035002,17.589956846,10.000000000
3,11.610000000,7.625928349,17.561610130,10.000000000
3,11.610000000,7.632821697,17.533266773,10.000000000
3,11.610000000,7.639715045,17.504926812,10.000000000
3,11.610000000,7.646608392,17.476590279,10.000000000
3,11.610000000,7.653501740,17.448257211,10.000000000
3,11.610000000,7.660395088,17.419927643,10.000000000
3,11.610000000,7.667288435,17.391601755,10.000000000
3,11.610000000,7.674181783,17.363279625,10.000000000
3,11.610000000,7.681075131,17.334961102,10.000000000
3,11.610000000,7.687968478,17.306646222,10.000000000
3,11.610000000,7.694861826,17.278335024,10.000000000
3,11.610000000,7.701755174,17.250027542,10.000000000
3,11.610000000,7.708648521,17.221723815,10.000000000
3,11.610000000,7.715541869,17.193423879,10.000000000
3,11.610000000,7.722435217,17.165127772,10.000000000
3,11.610000000,7.729328564,17.136835532,10.000000000
3,11.610000000,7.736221912,17.108547198,10.000000000
3,11.610000000,7.743115260,17.080262806,10.000000000
3,11.610000000,7.750008608,17.051982397,10.000000000
3,11.610000000,7.756901955,17.023706008,10.000000000
3,11.610000000,7.763795303,16.995433679,10.000000000
3,11.610000000,7.770688651,16.967165450,10.000000000
3,11.610000000,7.777581998,16.938901693,10.000000000
3,11.610000000,7.784475346,16.910642132,10.000000000
3,11.610000000,7.791368694,16.882386790,10.000000000
3,11.610000000,7.798262041,16.854135709,10.000000000
3,11.610000000,7.805155389,16.825888928,10.000000000
3,11.610000000,7.812048737,16.797646490,10.000000000
3,11.610000000,7.818942084,16.769408435,10.000000000
3,11.610000000,7.825835432,16.741174806,10.000000000
3,11.610000000,7.832728780,16.712945643,10.000000000
3,11.610000000,7.839622127,16.684720990,10.000000000
3,11.610000000,7.846515475,16.656500888,10.000000000
3,11.610000000,7.853408823,16.628285381,10.000000000
3,11.610000000,7.860302170,16.600074512,10.000000000
3,11.610000000,7.867195518,16.571868325,10.000000000
3,11.610000000,7.874088866,16.543667159,10.000000000
3,11.610000000,7.880982213,16.515470834,10.000000000
3,11.610000000,7.887875561,16.487279324,10.000000000
3,11.610000000,7.894768909,16.459092672,10.000000000
3,11.610000000,7.901662256,16.430910924,10.000000000
3,11.610000000,7.908555604,16.402734125,10.000000000
3,11.610000000,7.915448952,16.374562321,10.000000000
3,11.610000000,7.922342299,16.346395557,10.000000000
3,11.610000000,7.929235647,16.318233880,10.000000000
3,11.610000000,7.936128995,16.290077337,10.000000000
3,11.610000000,7.943022343,16.261925974,10.000000000
3,11.610000000,7.949915690,16.233779839,10.000000000
3,11.610000000,7.956809038,16.205638979,10.000000000
3,11.610000000,7.963702386,16.177503762,10.000000000
3,11.610000000,7.970595733,16.149373986,10.000000000
3,11.610000000,7.977489081,16.121249630,10.000000000
3,11.610000000,7.984382429,16.093130745,10.000000000
3,11.610000000,7.991275776,16.065017379,10.000000000
3,11.610000000,7.998169124,16.036909581,10.000000000
3,11.610000000,8.005062472,16.008807403,10.000000000
3,11.610000000,8.011955819,15.980710895,10.000000000
3,11.610000000,8.018849167,15.952620107,10.000000000
3,11.610000000,8.025742515,15.924535090,10.000000000
3,11.610000000,8.032635862,15.896455896,10.000000000
3,11.610000000,8.039529210,15.868382578,10.000000000
3,11.610000000,8.046422558,15.840315539,10.000000000
3,11.610000000,8.053315905,15.812254535,10.000000000
3,11.610000000,8.060209253,15.784199564,10.000000000
3,11.610000000,8.067102601,15.756150680,10.000000000
3,11.610000000,8.073995948,15.728107938,10.000000000
3,11.610000000,8.080889296,15.700071390,10.000000000
3,11.610000000,8.087782644,15.672041092,10.000000000
3,11.610000000,8.094675991,15.644017098,10.000000000
3,11.610000000,8.101569339,15.615999465,10.000000000
3,11.610000000,8.108462687,15.587988248,10.000000000
3,11.610000000,8.115356035,15.559983503,10.000000000
3,11.610000000,8.122249382,15.531985634,10.000000000
3,11.610000000,8.129142730,15.503994429,10.000000000
3,11.610000000,8.136036078,15.476009869,10.000000000
3,11.610000000,8.142929425,15.448032011,10.000000000
3,11.610000000,8.149822773,15.420060913,10.000000000
3,11.610000000,8.156716121,15.392096634,10.000000000
3,11.610000000,8.163609468,15.364139233,10.000000000
3,11.610000000,8.170502816,15.336188770,10.000000000
3,11.610000000,8.177396164,15.308245305,10.000000000
3,11.610000000,8.184289511,15.280308899,10.000000000
3,11.610000000,8.191182859,15.252379864,10.000000000
3,11.610000000,8.198076207,15.224458203,10.000000000
3,11.610000000,8.204969554,15.196543785,10.000000000
3,11.610000000,8.211862902,15.168636673,10.000000000
3,11.610000000,8.218756250,15.140736929,10.000000000
3,11.610000000,8.225649597,15.112844617,10.000000000
3,11.610000000,8.232542945,15.084959801,10.000000000
3,11.610000000,8.239436293,15.057082545,10.000000000
3,11.610000000,8.246329640,15.029212913,10.000000000
3,11.610000000,8.253222988,15.001350989,10.000000000
3,11.610000000,8.260116336,14.973497266,10.000000000
3,11.610000000,8.267009683,14.945651366,10.000000000
3,11.610000000,8.273903031,14.917813354,10.000000000
3,11.610000000,8.280796379,14.889983299,10.000000000
3,11.610000000,8.287689726,14.862161267,10.000000000
3,11.610000000,8.294583074,14.834347328,10.000000000
3,11.610000000,8.301476422,14.806541549,10.000000000
3,11.610000000,8.308369770,14.778744001,10.000000000
3,11.610000000,8.315263117,14.750954825,10.000000000
3,11.610000000,8.322156465,14.723174429,10.000000000
3,11.610000000,8.329049813,14.695402475,10.000000000
3,11.610000000,8.335943160,14.667639033,10.000000000
3,11.610000000,8.342836508,14.639884177,10.000000000
3,11.610000000,8.349729856,14.612137977,10.000000000
3,11.610000000,8.356623203,14.584400509,10.000000000
3,11.610000000,8.363516551,14.556671844,10.000000000
3,11.610000000,8.370409899,14.528952057,10.000000000
3,11.610000000,8.377303246,14.501241647,10.000000000
3,11.610000000,8.384196594,14.473540343,10.000000000
3,11.610000000,8.391089942,14.445848144,10.000000000
3,11.610000000,8.397983289,14.418165126,10.000000000
3,11.610000000,8.404876637,14.390491366,10.000000000
3,11.610000000,8.411769985,14.362826942,10.000000000
3,11.610000000,8.418663332,14.335171932,10.000000000
3,11.610000000,8.425556680,14.307526446,10.000000000
3,11.610000000,8.432450028,14.279891022,10.000000000
3,11.610000000,8.439343375,14.252265250,10.000000000
3,11.610000000,8.446236723,14.224649211,10.000000000
3,11.610000000,8.453130071,14.197042988,10.000000000
3,11.610000000,8.460023418,14.169446662,10.000000000
3,11.610000000,8.466916766,14.141860315,10.000000000
3,11.610000000,8.473810114,14.114284031,10.000000000
3,11.610000000,8.480703462,14.086718298,10.000000000
3,11.610000000,8.487596809,14.059162931,10.000000000
3,11.610000000,8.494490157,14.031617881,10.000000000
3,11.610000000,8.501383505,14.004083233,10.000000000
3,11.610000000,8.508276852,13.976559075,10.000000000
3,11.610000000,8.515170200,13.949045493,10.000000000
3,11.610000000,8.522063548,13.921542576,10.000000000
3,11.610000000,8.528956895,13.894050899,10.000000000
3,11.610000000,8.535850243,13.866570135,10.000000000
3,11.610000000,8.542743591,13.839100304,10.000000000
3,11.610000000,8.549636938,13.811641496,10.000000000
3,11.610000000,8.556530286,13.784193804,10.000000000
3,11.610000000,8.563423634,13.756757318,10.000000000
3,11.610000000,8.570316981,13.729332357,10.000000000
3,11.610000000,8.577210329,13.701919142,10.000000000
3,11.610000000,8.584103677,13.674517414,10.000000000
3,11.610000000,8.590997024,13.647127270,10.000000000
3,11.610000000,8.597890372,13.619748806,10.000000000
3,11.610000000,8.604783720,13.592382117,10.000000000
3,11.610000000,8.611677067,13.565027461,10.000000000
3,11.610000000,8.618570415,13.537685212,10.000000000
3,11.610000000,8.625463763,13.510355035,10.000000000
3,11.610000000,8.632357110,13.483037027,10.000000000
3,11.610000000,8.639250458,13.455731291,10.000000000
3,11.610000000,8.646143806,13.428437928,10.000000000
3,11.610000000,8.653037153,13.401157331,10.000000000
3,11.610000000,8.659930501,13.373889634,10.000000000
3,11.610000000,8.666823849,13.346634618,10.000000000
3,11.610000000,8.673717197,13.319392389,10.000000000
3,11.610000000,8.680610544,13.292163052,10.000000000
3,11.610000000,8.687503892,13.264946713,10.000000000
3,11.610000000,8.694397240,13.237744106,10.000000000
3,11.610000000,8.701290587,13.210554719,10.000000000
3,11.610000000,8.708183935,13.183378655,10.000000000
3,11.610000000,8.715077283,13.156216024,10.000000000
3,11.610000000,8.721970630,13.129066935,10.000000000
3,11.610000000,8.728863978,13.101932012,10.000000000
3,11.610000000,8.735757326,13.074810998,10.000000000
3,11.610000000,8.742650673,13.047703865,10.000000000
3,11.610000000,8.749544021,13.020610728,10.000000000
3,11.610000000,8.756437369,12.993531701,10.000000000
3,11.610000000,8.763330716,12.966467461,10.000000000
3,11.610000000,8.770224064,12.939417676,10.000000000
3,11.610000000,8.777117412,12.912382354,10.000000000
3,11.610000000,8.784010759,12.885361613,10.000000000
3,11.610000000,8.790904107,12.858355662,10.000000000
3,11.610000000,8.797797455,12.831365135,10.000000000
3,11.610000000,8.804690802,12.804389552,10.000000000
3,11.610000000,8.811584150,12.777429038,10.000000000
3,11.610000000,8.818477498,12.750483716,10.000000000
3,11.610000000,8.825370845,12.723554167,10.000000000
3,11.610000000,8.832264193,12.696640313,10.000000000
3,11.610000000,8.839157541,12.669742030,10.000000000
3,11.610000000,8.846050889,12.642859446,10.000000000
3,11.610000000,8.852944236,12.615992957,10.000000000
3,11.610000000,8.859837584,12.589142886,10.000000000
3,11.610000000,8.866730932,12.562308905,10.000000000
3,11.610000000,8.873624279,12.535491146,10.000000000
3,11.610000000,8.880517627,12.508689955,10.000000000
3,11.610000000,8.887410975,12.481905788,10.000000000
3,11.610000000,8.894304322,12.455138249,10.000000000
3,11.610000000,8.901197670,12.428387473,10.000000000
3,11.610000000,8.908091018,12.401653888,10.000000000
3,11.610000000,8.914984365,12.374937819,10.000000000
3,11.610000000,8.921877713,12.348238931,10.000000000
3,11.610000000,8.928771061,12.321557366,10.000000000
3,11.610000000,8.935664408,12.294893771,10.000000000
3,11.610000000,8.942557756,12.268248065,10.000000000
3,11.610000000,8.949451104,12.241620113,10.000000000
3,11.610000000,8.956344451,12.215010116,10.000000000
3,11.610000000,8.963237799,12.188418916,10.000000000
3,11.610000000,8.970131147,12.161845913,10.000000000
3,11.610000000,8.977024494,12.135291259,10.000000000
3,11.610000000,8.983917842,12.108755625,10.000000000
3,11.610000000,8.990811190,12.082238941,10.000000000
3,11.610000000,8.997704537,12.055741064,10.000000000
3,11.610000000,9.004597885,12.029262436,10.000000000
3,11.610000000,9.011491233,12.002803474,10.000000000
3,11.610000000,9.018384580,11.976363788,10.000000000
3,11.610000000,9.025277928,11.949943694,10.000000000
3,11.610000000,9.032171276,11.923543894,10.000000000
3,11.610000000,9.039064624,11.897163851,10.000000000
3,11.610000000,9.045957971,11.870803855,10.000000000
3,11.610000000,9.052851319,11.844464691,10.000000000
3,11.610000000,9.059744667,11.818145779,10.000000000
3,11.610000000,9.066638014,11.791847482,10.000000000
3,11.610000000,9.073531362,11.765570468,10.000000000
3,11.610000000,9.080424710,11.739314211,10.000000000
3,11.610000000,9.087318057,11.713079254,10.000000000
3,11.610000000,9.094211405,11.686865940,10.000000000
3,11.610000000,9.101104753,11.660673902,10.000000000
3,11.610000000,9.107998100,11.634503965,10.000000000
3,11.610000000,9.114891448,11.608355940,10.000000000
3,11.610000000,9.121784796,11.582229803,10.000000000
3,11.610000000,9.128678143,11.556126526,10.000000000
3,11.610000000,9.135571491,11.530045422,10.000000000
3,11.610000000,9.142464839,11.503987216,10.000000000
3,11.610000000,9.149358186,11.477951976,10.000000000
3,11.610000000,9.156251534,11.451939588,10.000000000
3,11.610000000,9.163144882,11.425950978,10.000000000
3,11.610000000,9.170038229,11.399985475,10.000000000
3,11.610000000,9.176931577,11.374044047,10.000000000
3,11.610000000,9.183824925,11.348126338,10.000000000
3,11.610000000,9.190718272,11.322232828,10.000000000
3,11.610000000,9.197611620,11.296363711,10.000000000
3,11.610000000,9.204504968,11.270518990,10.000000000
3,11.610000000,9.211398316,11.244699277,10.000000000
3,11.610000000,9.218291663,11.218904233,10.000000000
3,11.610000000,9.225185011,11.193134750,10.000000000
3,11.610000000,9.232078359,11.167390282,10.000000000
3,11.610000000,9.238971706,11.141671868,10.000000000
3,11.610000000,9.245865054,11.115978892,10.000000000
3,11.610000000,9.252758402,11.090312399,10.000000000
3,11.610000000,9.259651749,11.064671845,10.000000000
3,11.610000000,9.266545097,11.039058142,10.000000000
3,11.610000000,9.273438445,11.013470952,10.000000000
3,11.610000000,9.280331792,10.987910922,10.000000000
3,11.610000000,9.287225140,10.962378055,10.000000000
3,11.610000000,9.294118488,10.936872595,10.000000000
3,11.610000000,9.301011835,10.911395025,10.000000000
3,11.610000000,9.307905183,10.885945059,10.000000000
3,11.610000000,9.314798531,10.860523765,10.000000000
3,11.610000000,9.321691878,10.835130612,10.000000000
3,11.610000000,9.328585226,10.809766207,10.000000000
3,11.610000000,9.335478574,10.784430879,10.000000000
3,11.610000000,9.342371921,10.759124502,10.000000000
3,11.610000000,9.349265269,10.733847843,10.000000000
3,11.610000000,9.356158617,10.708600867,10.000000000
3,11.610000000,9.363051964,10.683383681,10.000000000
3,11.610000000,9.369945312,10.658196996,10.000000000
3,11.610000000,9.376838660,10.633040824,10.000000000
3,11.610000000,9.383732007,10.607915300,10.000000000
3,11.610000000,9.390625355,10.582820873,10.000000000
3,11.610000000,9.397518703,10.557758014,10.000000000
3,11.610000000,9.404412051,10.532726681,10.000000000
3,11.610000000,9.411305398,10.507727183,10.000000000
3,11.610000000,9.418198746,10.482759876,10.000000000
3,11.610000000,9.425092094,10.457825322,10.000000000
3,11.610000000,9.431985441,10.432923507,10.000000000
3,11.610000000,9.438878789,10.408054748,10.000000000
3,11.610000000,9.445772137,10.383219365,10.000000000
3,11.610000000,9.452665484,10.358417681,10.000000000
3,11.610000000,9.459558832,10.333650020,10.000000000
3,11.610000000,9.466452180,10.308916799,10.000000000
3,11.610000000,9.473345527,10.284218283,10.000000000
3,11.610000000,9.480238875,10.259554743,10.000000000
3,11.610000000,9.487132223,10.234926511,10.000000000
3,11.610000000,9.494025570,10.210333926,10.000000000
3,11.610000000,9.500918918,10.185777325,10.000000000
3,11.610000000,9.507812266,10.161257049,10.000000000
3,11.610000000,9.514705613,10.136773442,10.000000000
3,11.610000000,9.521598961,10.112326851,10.000000000
3,11.610000000,9.528492309,10.087917704,10.000000000
3,11.610000000,9.535385656,10.063546381,10.000000000
3,11.610000000,9.542279004,10.039213162,10.000000000
3,11.610000000,9.549172352,10.014918401,10.000000000
3,11.610000000,9.556065699,9.990662457,10.000000000
3,11.610000000,9.562959047,9.966445693,10.000000000
3,11.610000000,9.569852395,9.942268843,10.000000000
3,11.610000000,9.576745743,9.918131943,10.000000000
3,11.610000000,9.583639090,9.894035355,10.000000000
3,11.610000000,9.590532438,9.869979851,10.000000000
3,11.610000000,9.597425786,9.845965537,10.000000000
3,11.610000000,9.604319133,9.821992913,10.000000000
3,11.610000000,9.611212481,9.798062534,10.000000000
3,11.610000000,9.618105829,9.774174666,10.000000000
3,11.610000000,9.624999176,9.750329904,10.000000000
3,11.610000000,9.631892524,9.726528688,10.000000000
3,11.610000000,9.638785872,9.702771317,10.000000000
3,11.610000000,9.645679219,9.679058598,10.000000000
3,11.610000000,9.652572567,9.655390821,10.000000000
3,11.610000000,9.659465915,9.631768464,10.000000000
3,11.610000000,9.666359262,9.608192080,10.000000000
3,11.610000000,9.673252610,9.584662225,10.000000000
3,11.610000000,9.680145958,9.561179454,10.000000000
3,11.610000000,9.687039305,9.537744329,10.000000000
3,11.610000000,9.693932653,9.514357410,10.000000000
3,11.610000000,9.700826001,9.491019263,10.000000000
3,11.610000000,9.707719348,9.467730452,10.000000000
3,11.610000000,9.714612696,9.444491669,10.000000000
3,11.610000000,9.721506044,9.421303645,10.000000000
3,11.610000000,9.728399391,9.398166783,10.000000000
3,11.610000000,9.735292739,9.375082114,10.000000000
3,11.610000000,9.742186087,9.352050082,10.000000000
3,11.610000000,9.749079434,9.329071463,10.000000000
3,11.610000000,9.755972782,9.306147080,10.000000000
3,11.610000000,9.762866130,9.283277760,10.000000000
3,11.610000000,9.769759478,9.260464325,10.000000000
3,11.610000000,9.776652825,9.237707598,10.000000000
3,11.610000000,9.783546173,9.215008401,10.000000000
3,11.610000000,9.790439521,9.192367789,10.000000000
3,11.610000000,9.797332868,9.169786617,10.000000000
3,11.610000000,9.804226216,9.147266118,10.000000000
3,11.610000000,9.811119564,9.124807205,10.000000000
3,11.610000000,9.818012911,9.102411014,10.000000000
3,11.610000000,9.824906259,9.080078903,10.000000000
3,11.610000000,9.831799607,9.057811912,10.000000000
3,11.610000000,9.838692954,9.035611570,10.000000000
3,11.610000000,9.845586302,9.013479155,10.000000000
3,11.610000000,9.852479650,8.991416151,10.000000000
3,11.610000000,9.859372997,8.969424311,10.000000000
3,11.610000000,9.866266345,8.947505106,10.000000000
3,11.610000000,9.873159693,8.925660403,10.000000000
3,11.610000000,9.880053040,8.903892018,10.000000000
3,11.610000000,9.886946388,8.882202020,10.000000000
3,11.610000000,9.893839736,8.860592393,10.000000000
3,11.610000000,9.900733083,8.839065336,10.000000000
3,11.610000000,9.907626431,8.817623107,10.000000000
3,11.610000000,9.914519779,8.796268115,10.000000000
3,11.610000000,9.921413126,8.775002606,10.000000000
3,11.610000000,9.928306474,8.753829008,10.000000000
3,11.610000000,9.935199822,8.732749612,10.000000000
3,11.610000000,9.942093169,8.711766639,10.000000000
3,11.610000000,9.948986517,8.690882086,10.000000000
3,11.610000000,9.955879865,8.670097682,10.000000000
3,11.610000000,9.962773213,8.649414866,10.000000000
3,11.610000000,9.969666560,8.628834723,10.000000000
3,11.610000000,9.976559908,8.608357791,10.000000000
3,11.610000000,9.983453256,8.587984296,10.000000000
3,11.610000000,9.990346603,8.567714084,10.000000000
3,11.610000000,9.997239951,8.547546627,10.000000000
3,11.610000000,10.004133299,8.527481033,10.000000000
3,11.610000000,10.011026646,8.507516433,10.000000000
3,11.610000000,10.017919994,8.487651576,10.000000000
3,11.610000000,10.024813342,8.467885314,10.000000000
3,11.610000000,10.031706689,8.448216325,10.000000000
3,11.610000000,10.038600037,8.428643363,10.000000000
3,11.610000000,10.045493385,8.409165352,10.000000000
3,11.610000000,10.052386732,8.389781049,10.000000000
3,11.610000000,10.059280080,8.370489414,10.000000000
3,11.610000000,10.066173428,8.351289556,10.000000000
3,11.610000000,10.073066775,8.332180509,10.000000000
3,11.610000000,10.079960123,8.313161536,10.000000000
3,11.610000000,10.086853471,8.294231853,10.000000000
3,11.610000000,10.093746818,8.275390973,10.000000000
3,11.610000000,10.100640166,8.256638222,10.000000000
3,11.610000000,10.107533514,8.237973175,10.000000000
3,11.610000000,10.114426861,8.219395391,10.000000000
3,11.610000000,10.121320209,8.200904627,10.000000000
3,11.610000000,10.128213557,8.182500453,10.000000000
3,11.610000000,10.135106905,8.164182869,10.000000000
3,11.610000000,10.142000252,8.145951540,10.000000000
3,11.610000000,10.148893600,8.127806350,10.000000000
3,11.610000000,10.155786948,8.109747398,10.000000000
3,11.610000000,10.162680295,8.091774461,10.000000000
3,11.610000000,10.169573643,8.073887615,10.000000000
3,11.610000000,10.176466991,8.056086854,10.000000000
3,11.610000000,10.183360338,8.038372442,10.000000000
3,11.610000000,10.190253686,8.020744323,10.000000000
3,11.610000000,10.197147034,8.003202665,10.000000000
3,11.610000000,10.204040381,7.985747636,10.000000000
3,11.610000000,10.210933729,7.968379403,10.000000000
3,11.610000000,10.217827077,7.951098363,10.000000000
3,11.610000000,10.224720424,7.933904586,10.000000000
3,11.610000000,10.231613772,7.916798260,10.000000000
3,11.610000000,10.238507120,7.899779955,10.000000000
3,11.610000000,10.245400467,7.882849666,10.000000000
3,11.610000000,10.252293815,7.866007849,10.000000000
3,11.610000000,10.259187163,7.849254925,10.000000000
3,11.610000000,10.266080510,7.832591084,10.000000000
3,11.610000000,10.272973858,7.816016725,10.000000000
3,11.610000000,10.279867206,7.799532249,10.000000000
3,11.610000000,10.286760553,7.783138060,10.000000000
3,11.610000000,10.293653901,7.766834561,10.000000000
3,11.610000000,10.300547249,7.750622158,10.000000000
3,11.610000000,10.307440596,7.734501256,10.000000000
3,11.610000000,10.314333944,7.718472264,10.000000000
3,11.610000000,10.321227292,7.702535590,10.000000000
3,11.610000000,10.328120640,7.686691906,10.000000000
3,11.610000000,10.335013987,7.670941510,10.000000000
3,11.610000000,10.341907335,7.655284730,10.000000000
3,11.610000000,10.348800683,7.639722385,10.000000000
3,11.610000000,10.355694030,7.624254661,10.000000000
3,11.610000000,10.362587378,7.608882191,10.000000000
3,11.610000000,10.369480726,7.593605424,10.000000000
3,11.610000000,10.376374073,7.578424923,10.000000000
3,11.610000000,10.383267421,7.563341024,10.000000000
3,11.610000000,10.390160769,7.548354596,10.000000000
3,11.610000000,10.397054116,7.533465758,10.000000000
3,11.610000000,10.403947464,7.518675244,10.000000000
3,11.610000000,10.410840812,7.503983691,10.000000000
3,11.610000000,10.417734159,7.489391396,10.000000000
3,11.610000000,10.424627507,7.474898926,10.000000000
3,11.610000000,10.431520855,7.460506994,10.000000000
3,11.610000000,10.438414202,7.446216145,10.000000000
3,11.610000000,10.445307550,7.432026798,10.000000000
3,11.610000000,10.452200898,7.417939522,10.000000000
3,11.610000000,10.459094245,7.403954890,10.000000000
3,11.610000000,10.465987593,7.390073473,10.000000000
3,11.610000000,10.472880941,7.376295844,10.000000000
3,11.610000000,10.479774288,7.362622575,10.000000000
3,11.610000000,10.486667636,7.349054239,10.000000000
3,11.610000000,10.493560984,7.335591410,10.000000000
3,11.610000000,10.500454332,7.322234660,10.000000000
3,11.610000000,10.507347679,7.308984564,10.000000000
3,11.610000000,10.514241027,7.295841695,10.000000000
3,11.610000000,10.521134375,7.282806625,10.000000000
3,11.610000000,10.528027722,7.269879928,10.000000000
3,11.610000000,10.534921070,7.257062177,10.000000000
3,11.610000000,10.541814418,7.244353945,10.000000000
3,11.610000000,10.548707765,7.231755802,10.000000000
3,11.610000000,10.555601113,7.219268321,10.000000000
3,11.610000000,10.562494461,7.206892303,10.000000000
3,11.610000000,10.569387808,7.194628190,10.000000000
3,11.610000000,10.576281156,7.182476481,10.000000000
3,11.610000000,10.583174504,7.170437742,10.000000000
3,11.610000000,10.590067851,7.158512542,10.000000000
3,11.610000000,10.596961199,7.146701842,10.000000000
3,11.610000000,10.603854547,7.135005890,10.000000000
3,11.610000000,10.610747894,7.123425202,10.000000000
3,11.610000000,10.617641242,7.111960393,10.000000000
3,11.610000000,10.624534590,7.100612468,10.000000000
3,11.610000000,10.631427937,7.089381519,10.000000000
3,11.610000000,10.638321285,7.078268105,10.000000000
3,11.610000000,10.645214633,7.067273307,10.000000000
3,11.610000000,10.652107980,7.056397281,10.000000000
3,11.610000000,10.659001328,7.045640478,10.000000000
3,11.610000000,10.665894676,7.035004090,10.000000000
3,11.610000000,10.672788023,7.024488113,10.000000000
3,11.610000000,10.679681371,7.014093194,10.000000000
3,11.610000000,10.686574719,7.003820325,10.000000000
3,11.610000000,10.693468067,6.993669461,10.000000000
3,11.610000000,10.700361414,6.983641710,10.000000000
3,11.610000000,10.707254762,6.973737315,10.000000000
3,11.610000000,10.714148110,6.963956821,10.000000000
3,11.610000000,10.721041457,6.954301119,10.000000000
3,11.610000000,10.727934805,6.944770159,10.000000000
3,11.610000000,10.734828153,6.935365348,10.000000000
3,11.610000000,10.741721500,6.926086320,10.000000000
3,11.610000000,10.748614848,6.916934420,10.000000000
3,11.610000000,10.755508196,6.907909507,10.000000000
3,11.610000000,10.762401543,6.899012695,10.000000000
3,11.610000000,10.769294891,6.890244019,10.000000000
3,11.610000000,10.776188239,6.881604465,10.000000000
3,11.610000000,10.783081586,6.873094118,10.000000000
3,11.610000000,10.789974934,6.864713956,10.000000000
3,11.610000000,10.796868282,6.856463994,10.000000000
3,11.610000000,10.803761629,6.848345322,10.000000000
3,11.610000000,10.810654977,6.840357763,10.000000000
3,11.610000000,10.817548325,6.832502640,10.000000000
3,11.610000000,10.824441672,6.824779549,10.000000000
3,11.610000000,10.831335020,6.817189906,10.000000000
3,11.610000000,10.838228368,6.809733385,10.000000000
3,11.610000000,10.845121715,6.802411033,10.000000000
3,11.610000000,10.852015063,6.795223033,10.000000000
3,11.610000000,10.858908411,6.788169844,10.000000000
3,11.610000000,10.865801759,6.781252272,10.000000000
3,11.610000000,10.872695106,6.774470143,10.000000000
3,11.610000000,10.879588454,6.767824786,10.000000000
3,11.610000000,10.886481802,6.761315862,10.000000000
3,11.610000000,10.893375149,6.754944159,10.000000000
3,11.610000000,10.900268497,6.748710223,10.000000000
3,11.610000000,10.907161845,6.742613983,10.000000000
3,11.610000000,10.914055192,6.736656656,10.000000000
3,11.610000000,10.920948540,6.730837985,10.000000000
3,11.610000000,10.927841888,6.725158483,10.000000000
3,11.610000000,10.934735235,6.719619028,10.000000000
3,11.610000000,10.941628583,6.714219350,10.000000000
3,11.610000000,10.948521931,6.708960264,10.000000000
3,11.610000000,10.955415278,6.703842171,10.000000000
3,11.610000000,10.962308626,6.698865017,10.000000000
3,11.610000000,10.969201974,6.694029720,10.000000000
3,11.610000000,10.976095321,6.689336384,10.000000000
3,11.610000000,10.982988669,6.684785079,10.000000000
3,11.610000000,10.989882017,6.680376737,10.000000000
3,11.610000000,10.996775364,6.676111341,10.000000000
3,11.610000000,11.003668712,6.671988996,10.000000000
3,11.610000000,11.010562060,6.668010559,10.000000000
3,11.610000000,11.017455407,6.664176067,10.000000000
3,11.610000000,11.024348755,6.660485571,10.000000000
3,11.610000000,11.031242103,6.656939768,10.000000000
3,11.610000000,11.038135450,6.653538916,10.000000000
3,11.610000000,11.045028798,6.650282926,10.000000000
3,11.610000000,11.051922146,6.647172254,10.000000000
3,11.610000000,11.058815494,6.644207543,10.000000000
3,11.610000000,11.065708841,6.641388481,10.000000000
3,11.610000000,11.072602189,6.638715315,10.000000000
3,11.610000000,11.079495537,6.636188890,10.000000000
3,11.610000000,11.086388884,6.633808933,10.000000000
3,11.610000000,11.093282232,6.631575550,10.000000000
3,11.610000000,11.100175580,6.629489164,10.000000000
3,11.610000000,11.107068927,6.627550240,10.000000000
3,11.610000000,11.113962275,6.625758482,10.000000000
3,11.610000000,11.120855623,6.624114070,10.000000000
3,11.610000000,11.127748970,6.622617602,10.000000000
3,11.610000000,11.134642318,6.621269056,10.000000000
3,11.610000000,11.141535666,6.620068334,10.000000000
3,11.610000000,11.148429013,6.619015577,10.000000000
3,11.610000000,11.155322361,6.618111442,10.000000000
3,11.610000000,11.162215709,6.617355649,10.000000000
3,11.610000000,11.169109056,6.616748181,10.000000000
3,11.610000000,11.176002404,6.616289140,10.000000000
3,11.610000000,11.182895752,6.615979132,10.000000000
3,11.610000000,11.189789099,6.615817838,10.000000000
3,11.610000000,11.196682447,6.615805212,10.000000000
3,11.610000000,11.203575795,6.615941317,10.000000000
3,11.610000000,11.210469142,6.616226603,10.000000000
3,11.610000000,11.217362490,6.616660920,10.000000000
3,11.610000000,11.224255838,6.617244088,10.000000000
3,11.610000000,11.231149186,6.617976131,10.000000000
3,11.610000000,11.238042533,6.618857244,10.000000000
3,11.610000000,11.244935881,6.619887643,10.000000000
3,11.610000000,11.251829229,6.621066918,10.000000000
3,11.610000000,11.258722576,6.622395050,10.000000000
3,11.610000000,11.265615924,6.623872013,10.000000000
3,11.610000000,11.272509272,6.625498203,10.000000000
3,11.610000000,11.279402619,6.627273256,10.000000000
3,11.610000000,11.286295967,6.629196991,10.000000000
3,11.610000000,11.293189315,6.631269340,10.000000000
3,11.610000000,11.300082662,6.633490244,10.000000000
3,11.610000000,11.306976010,6.635860112,10.000000000
3,11.610000000,11.313869358,6.638378328,10.000000000
3,11.610000000,11.320762705,6.641044783,10.000000000
3,11.610000000,11.327656053,6.643859362,10.000000000
3,11.610000000,11.334549401,6.646821972,10.000000000
3,11.610000000,11.341442748,6.649932918,10.000000000
3,11.610000000,11.348336096,6.653191575,10.000000000
3,11.610000000,11.355229444,6.656597788,10.000000000
3,11.610000000,11.362122791,6.660151393,10.000000000
3,11.610000000,11.369016139,6.663852215,10.000000000
3,11.610000000,11.375909487,6.667700487,10.000000000
3,11.610000000,11.382802834,6.671695665,10.000000000
3,11.610000000,11.389696182,6.675837479,10.000000000
3,11.610000000,11.396589530,6.680125718,10.000000000
3,11.610000000,11.403482877,6.684560162,10.000000000
3,11.610000000,11.410376225,6.689140760,10.000000000
3,11.610000000,11.417269573,6.693867375,10.000000000
3,11.610000000,11.424162921,6.698739477,10.000000000
3,11.610000000,11.431056268,6.703756811,10.000000000
3,11.610000000,11.437949616,6.708919113,10.000000000
3,11.610000000,11.444842964,6.714226110,10.000000000
3,11.610000000,11.451736311,6.719677801,10.000000000
3,11.610000000,11.458629659,6.725273769,10.000000000
3,11.610000000,11.465523007,6.731013559,10.000000000
3,11.610000000,11.472416354,6.736896868,10.000000000
3,11.610000000,11.479309702,6.742923380,10.000000000
3,11.610000000,11.486203050,6.749092775,10.000000000
3,11.610000000,11.493096397,6.755404964,10.000000000
3,11.610000000,11.499989745,6.761859531,10.000000000
3,11.610000000,11.506883093,6.768455964,10.000000000
3,11.610000000,11.513776440,6.775193910,10.000000000
3,11.610000000,11.520669788,6.782073008,10.000000000
3,11.610000000,11.527563136,6.789092893,10.000000000
3,11.610000000,11.534456483,6.796253274,10.000000000
3,11.610000000,11.541349831,6.803553981,10.000000000
3,11.610000000,11.548243179,6.810994324,10.000000000
3,11.610000000,11.555136526,6.818573909,10.000000000
3,11.610000000,11.562029874,6.826292334,10.000000000
3,11.610000000,11.568923222,6.834149189,10.000000000
3,11.610000000,11.575816569,6.842144059,10.000000000
3,11.610000000,11.582709917,6.850276699,10.000000000
3,11.610000000,11.589603265,6.858546683,10.000000000
3,11.610000000,11.596496613,6.866953394,10.000000000
3,11.610000000,11.603389960,6.875496392,10.000000000
3,11.610000000,11.610283308,6.884175232,10.000000000
3,11.610000000,11.617176656,6.892989462,10.000000000
3,11.610000000,11.624070003,6.901938625,10.000000000
3,11.610000000,11.630963351,6.911022384,10.000000000
3,11.610000000,11.637856699,6.920240346,10.000000000
3,11.610000000,11.644750046,6.929591833,10.000000000
3,11.610000000,11.651643394,6.939076364,10.000000000
3,11.610000000,11.658536742,6.948693458,10.000000000
3,11.610000000,11.665430089,6.958442625,10.000000000
3,11.610000000,11.672323437,6.968323373,10.000000000
3,11.610000000,11.679216785,6.978335203,10.000000000
3,11.610000000,11.686110132,6.988477872,10.000000000
3,11.610000000,11.693003480,6.998750655,10.000000000
3,11.610000000,11.699896828,7.009152997,10.000000000
3,11.610000000,11.706790175,7.019684383,10.000000000
3,11.610000000,11.713683523,7.030344293,10.000000000
3,11.610000000,11.720576871,7.041132204,10.000000000
3,11.610000000,11.727470218,7.052047590,10.000000000
3,11.610000000,11.734363566,7.063089922,10.000000000
3,11.610000000,11.741256914,7.074258902,10.000000000
3,11.610000000,11.748150261,7.085553791,10.000000000
3,11.610000000,11.755043609,7.096974009,10.000000000
3,11.610000000,11.761936957,7.108519014,10.000000000
3,11.610000000,11.768830304,7.120188257,10.000000000
3,11.610000000,11.775723652,7.131981191,10.000000000
3,11.610000000,11.782617000,7.143897262,10.000000000
3,11.610000000,11.789510348,7.155935916,10.000000000
3,11.610000000,11.796403695,7.168096688,10.000000000
3,11.610000000,11.803297043,7.180379083,10.000000000
3,11.610000000,11.810190391,7.192782377,10.000000000
3,11.610000000,11.817083738,7.205306007,10.000000000
3,11.610000000,11.823977086,7.217949406,10.000000000
3,11.610000000,11.830870434,7.230712006,10.000000000
3,11.610000000,11.837763781,7.243593237,10.000000000
3,11.610000000,11.844657129,7.256592526,10.000000000
3,11.610000000,11.851550477,7.269709301,10.000000000
3,11.610000000,11.858443824,7.282943058,10.000000000
3,11.610000000,11.865337172,7.296293300,10.000000000
3,11.610000000,11.872230520,7.309759294,10.000000000
3,11.610000000,11.879123867,7.323340461,10.000000000
3,11.610000000,11.886017215,7.337036220,10.000000000
3,11.610000000,11.892910563,7.350845992,10.000000000
3,11.610000000,11.899803910,7.364769194,10.000000000
3,11.610000000,11.906697258,7.378805242,10.000000000
3,11.610000000,11.913590606,7.392953554,10.000000000
3,11.610000000,11.920483953,7.407213545,10.000000000
3,11.610000000,11.927377301,7.421584762,10.000000000
3,11.610000000,11.934270649,7.436066554,10.000000000
3,11.610000000,11.941163996,7.450658265,10.000000000
3,11.610000000,11.948057344,7.465359311,10.000000000
3,11.610000000,11.954950692,7.480169105,10.000000000
3,11.610000000,11.961844040,7.495087062,10.000000000
3,11.610000000,11.968737387,7.510112596,10.000000000
3,11.610000000,11.975630735,7.525245121,10.000000000
3,11.610000000,11.982524083,7.540484051,10.000000000
3,11.610000000,11.989417430,7.555828800,10.000000000
3,11.610000000,11.996310778,7.571278841,10.000000000
3,11.610000000,12.003204126,7.586833648,10.000000000
3,11.610000000,12.010097473,7.602492516,10.000000000
3,11.610000000,12.016990821,7.618254864,10.000000000
3,11.610000000,12.023884169,7.634120107,10.000000000
3,11.610000000,12.030777516,7.650087663,10.000000000
3,11.610000000,12.037670864,7.666156952,10.000000000
3,11.610000000,12.044564212,7.682327392,10.000000000
3,11.610000000,12.051457559,7.698598404,10.000000000
3,11.610000000,12.058350907,7.714969408,10.000000000
3,11.610000000,12.065244255,7.731439829,10.000000000
3,11.610000000,12.072137602,7.748009123,10.000000000
3,11.610000000,12.079030950,7.764676793,10.000000000
3,11.610000000,12.085924298,7.781442148,10.000000000
3,11.610000000,12.092817645,7.798304617,10.000000000
3,11.610000000,12.099710993,7.815263628,10.000000000
3,11.610000000,12.106604341,7.832318610,10.000000000
3,11.610000000,12.113497688,7.849468995,10.000000000
3,11.610000000,12.120391036,7.866714216,10.000000000
3,11.610000000,12.127284384,7.884053707,10.000000000
3,11.610000000,12.134177731,7.901486904,10.000000000
3,11.610000000,12.141071079,7.919013246,10.000000000
3,11.610000000,12.147964427,7.936632172,10.000000000
3,11.610000000,12.154857775,7.954343161,10.000000000
3,11.610000000,12.161751122,7.972145703,10.000000000
3,11.610000000,12.168644470,7.990039154,10.000000000
3,11.610000000,12.175537818,8.008022962,10.000000000
3,11.610000000,12.182431165,8.026096575,10.000000000
3,11.610000000,12.189324513,8.044259444,10.000000000
3,11.610000000,12.196217861,8.062511022,10.000000000
3,11.610000000,12.203111208,8.080850764,10.000000000
3,11.610000000,12.210004556,8.099278126,10.000000000
3,11.610000000,12.216897904,8.117792568,10.000000000
3,11.610000000,12.223791251,8.136393550,10.000000000
3,11.610000000,12.230684599,8.155080537,10.000000000
3,11.610000000,12.237577947,8.173852993,10.000000000
3,11.610000000,12.244471294,8.192710430,10.000000000
3,11.610000000,12.251364642,8.211652330,10.000000000
3,11.610000000,12.258257990,8.230678107,10.000000000
3,11.610000000,12.265151337,8.249787236,10.000000000
3,11.610000000,12.272044685,8.268979193,10.000000000
3,11.610000000,12.278938033,8.288253460,10.000000000
3,11.610000000,12.285831380,8.307609516,10.000000000
3,11.610000000,12.292724728,8.327046848,10.000000000
3,11.610000000,12.299618076,8.346564941,10.000000000
3,11.610000000,12.306511423,8.366163286,10.000000000
3,11.610000000,12.313404771,8.385841373,10.000000000
3,11.610000000,12.320298119,8.405598697,10.000000000
3,11.610000000,12.327191466,8.425434756,10.000000000
3,11.610000000,12.334084814,8.445349048,10.000000000
3,11.610000000,12.340978162,8.465341114,10.000000000
3,11.610000000,12.347871510,8.485410458,10.000000000
3,11.610000000,12.354764857,8.505556546,10.000000000
3,11.610000000,12.361658205,8.525778889,10.000000000
3,11.610000000,12.368551553,8.546077000,10.000000000
3,11.610000000,12.375444900,8.566450392,10.000000000
3,11.610000000,12.382338248,8.586898584,10.000000000
3,11.610000000,12.389231596,8.607421096,10.000000000
3,11.610000000,12.396124943,8.628017452,10.000000000
3,11.610000000,12.403018291,8.648687177,10.000000000
3,11.610000000,12.409911639,8.669429799,10.000000000
3,11.610000000,12.416804986,8.690244851,10.000000000
3,11.610000000,12.423698334,8.711131865,10.000000000
3,11.610000000,12.430591682,8.732090378,10.000000000
3,11.610000000,12.437485029,8.753119930,10.000000000
3,11.610000000,12.444378377,8.774220083,10.000000000
3,11.610000000,12.451271725,8.795390395,10.000000000
3,11.610000000,12.458165072,8.816630379,10.000000000
3,11.610000000,12.465058420,8.837939583,10.000000000
3,11.610000000,12.471951768,8.859317561,10.000000000
3,11.610000000,12.478845115,8.880763868,10.000000000
3,11.610000000,12.485738463,8.902278063,10.000000000
3,11.610000000,12.492631811,8.923859707,10.000000000
3,11.610000000,12.499525158,8.945508364,10.000000000
3,11.610000000,12.506418506,8.967223601,10.000000000
3,11.610000000,12.513311854,8.989004987,10.000000000
3,11.610000000,12.520205202,9.010852094,10.000000000
3,11.610000000,12.527098549,9.032764498,10.000000000
3,11.610000000,12.533991897,9.054741775,10.000000000
3,11.610000000,12.540885245,9.076783506,10.000000000
3,11.610000000,12.547778592,9.098889274,10.000000000
3,11.610000000,12.554671940,9.121058666,10.000000000
3,11.610000000,12.561565288,9.143291299,10.000000000
3,11.610000000,12.568458635,9.165586738,10.000000000
3,11.610000000,12.575351983,9.187944572,10.000000000
3,11.610000000,12.582245331,9.210364398,10.000000000
3,11.610000000,12.589138678,9.232845814,10.000000000
3,11.610000000,12.596032026,9.255388424,10.000000000
3,11.610000000,12.602925374,9.277991830,10.000000000
3,11.610000000,12.609818721,9.300655642,10.000000000
3,11.610000000,12.616712069,9.323379469,10.000000000
3,11.610000000,12.623605417,9.346162924,10.000000000
3,11.610000000,12.630498764,9.369005623,10.000000000
3,11.610000000,12.637392112,9.391907183,10.000000000
3,11.610000000,12.644285460,9.414867226,10.000000000
3,11.610000000,12.651178807,9.437885374,10.000000000
3,11.610000000,12.658072155,9.460961254,10.000000000
3,11.610000000,12.664965503,9.484094494,10.000000000
3,11.610000000,12.671858850,9.507284726,10.000000000
3,11.610000000,12.678752198,9.530531583,10.000000000
3,11.610000000,12.685645546,9.553834714,10.000000000
3,11.610000000,12.692538893,9.577193749,10.000000000
3,11.610000000,12.699432241,9.600608325,10.000000000
3,11.610000000,12.706325589,9.624078086,10.000000000
3,11.610000000,12.713218937,9.647602678,10.000000000
3,11.610000000,12.720112284,9.671181751,10.000000000
3,11.610000000,12.727005632,9.694814957,10.000000000
3,11.610000000,12.733898980,9.718501949,10.000000000
3,11.610000000,12.740792327,9.742242385,10.000000000
3,11.610000000,12.747685675,9.766035924,10.000000000
3,11.610000000,12.754579023,9.789882227,10.000000000
3,11.610000000,12.761472370,9.813780960,10.000000000
3,11.610000000,12.768365718,9.837731788,10.000000000
3,11.610000000,12.775259066,9.861734380,10.000000000
3,11.610000000,12.782152413,9.885788409,10.000000000
3,11.610000000,12.789045761,9.909893549,10.000000000
3,11.610000000,12.795939109,9.934049475,10.000000000
3,11.610000000,12.802832456,9.958255866,10.000000000
3,11.610000000,12.809725804,9.982512404,10.000000000
3,11.610000000,12.816619152,10.016846492,10.000000000
3,11.610000000,12.823512499,10.341376897,10.000000000
3,11.610000000,12.830405847,11.049346400,10.000000000
3,11.610000000,12.837299195,12.073489672,10.000000000
3,11.610000000,12.844192542,13.341190618,10.000000000
3,11.610000000,12.851085890,14.789952624,10.000000000
3,11.610000000,12.857979238,16.371778993,10.000000000
3,11.610000000,12.864872585,18.051723281,10.000000000
3,11.610000000,12.871765933,19.804832661,10.000000000
3,11.610000000,12.878659281,21.613310650,10.000000000
3,11.610000000,12.885552629,23.464358399,10.000000000
3,11.610000000,12.892445976,25.348651840,10.000000000
3,11.610000000,12.899339324,27.259297541,10.000000000
3,11.610000000,12.906232672,29.191121459,10.000000000
3,11.610000000,12.913126019,31.140182383,10.000000000
3,11.610000000,12.920019367,33.103435818,10.000000000
3,11.610000000,12.926912715,35.078498889,10.000000000
3,11.610000000,12.933806062,37.063483686,10.000000000
3,11.610000000,12.940699410,39.056877484,10.000000000
3,11.610000000,12.947592758,41.057455498,10.000000000
3,11.610000000,12.954486105,43.064216495,10.000000000
3,11.610000000,12.961379453,45.076334700,10.000000000
3,11.610000000,12.968272801,47.093123435,10.000000000
3,11.610000000,12.975166148,49.114007341,10.000000000
3,11.610000000,12.982059496,51.138500921,10.000000000
3,11.610000000,12.988952844,53.166191825,10.000000000
3,11.610000000,12.995846191,55.196727685,10.000000000
3,11.610000000,13.002739539,57.229805681,10.000000000
3,11.610000000,13.009632887,59.265164193,10.000000000
3,11.610000000,13.016526234,61.302576067,10.000000000
3,11.610000000,13.023419582,63.341843164,10.000000000
3,11.610000000,13.030312930,65.382791893,10.000000000
3,11.610000000,13.037206277,67.425269545,10.000000000
3,11.610000000,13.044099625,69.469141264,10.000000000
3,11.610000000,13.050992973,71.514287523,10.000000000
3,11.610000000,13.057886320,73.560602018,10.000000000
3,11.610000000,13.064779668,75.607989894,10.000000000
3,11.610000000,13.071673016,77.656366252,10.000000000
3,11.610000000,13.078566364,79.705654885,10.000000000
3,11.610000000,13.085459711,81.755787189,10.000000000
3,11.610000000,13.092353059,83.806701250,10.000000000
3,11.610000000,13.099246407,85.858341046,10.000000000
3,11.610000000,13.106139754,87.910655767,10.000000000
3,11.610000000,13.113033102,89.963599220,10.000000000
3,11.610000000,13.119926450,92.017129325,10.000000000
3,11.610000000,13.126819797,94.071207663,10.000000000
3,11.610000000,13.133713145,96.125799088,10.000000000
3,11.610000000,13.140606493,98.180871388,10.000000000
3,11.610000000,13.147499840,100.236394988,10.000000000
3,11.610000000,13.154393188,102.292342681,10.000000000
3,11.610000000,13.161286536,104.348689399,10.000000000
3,11.610000000,13.168179883,106.405412008,10.000000000
3,11.610000000,13.175073231,108.462489126,10.000000000
3,11.610000000,13.181966579,110.519900956,10.000000000
3,11.610000000,13.188859926,112.577629147,10.000000000
3,11.610000000,13.195753274,114.635656664,10.000000000
3,11.610000000,13.202646622,116.693967670,10.000000000
3,11.610000000,13.209539969,118.752547423,10.000000000
3,11.610000000,13.216433317,120.811382186,10.000000000
3,11.610000000,13.223326665,122.870459140,10.000000000
3,11.610000000,13.230220012,124.929766309,10.000000000
3,11.610000000,13.237113360,126.989292493,10.000000000
3,11.610000000,13.244006708,129.049027207,10.000000000
3,11.610000000,13.250900056,131.108960623,10.000000000
3,11.610000000,13.257793403,133.169083520,10.000000000
3,11.610000000,13.264686751,135.229387237,10.000000000
